Site Id,Account Number,Category,Customer,Property ID,Lot,Unit,Street Number,Street,Suburb,Postcode,Zone,Lat,Lng,Total Bins,Run Flags,Parent Site ID,Parent Site Address,120L Street Recycling,240L Street Litter,240L Street Recycling,Count of 120L Street Recycling,Count of 240L Street Litter,Count of 240L Street Recycling,All Runs for Deliveries,All Runs for Street Litter,All Runs for Street Recycling
4045090,,Street Litter,None,1,,,2834,Point Nepean Road - at Toilet Block,BLAIRGOWRIE,3942,,-38.360802,144.779615,0,,,,,,,0,0,0,,,
4045091,,Street Litter,None,2,,,2815,Point Nepean Road - at Fletchers,BLAIRGOWRIE,3942,,-38.361505,144.78031,0,,,,,,,0,0,0,,,
4045092,,Street Litter,None,3,,,2823,Point Nepean Road - Opp Pharmacy in carpark,BLAIRGOWRIE,3942,,-38.361252,144.779854,0,,,,,,,0,0,0,,,
4045093,,Street Litter,None,4,,,2823,Point Nepean Road - Pharmacy,BLAIRGOWRIE,3942,,-38.361393,144.779748,0,,,,,,,0,0,0,,,
4045094,,Street Litter,None,5,,,2835,Point Nepean Road - at IGA,BLAIRGOWRIE,3942,,-38.361224,144.779209,0,,,,,,,0,0,0,,,
4045095,,Street Litter,None,6,,,2843,Point Nepean Road - at Medical Centre,BLAIRGOWRIE,3942,,-38.361096,144.778677,0,,,,,,,0,0,0,,,
4045096,,Street Litter,None,7,,,2819,Point Nepean Road - Real Estate,BLAIRGOWRIE,3942,,-38.361454,144.77992,0,,,,,,,0,0,0,,,
4045097,,Street Litter,None,8,,,2849,Point Nepean Road - at Post Office,BLAIRGOWRIE,3942,,-38.361037,144.77843,0,,,,,,,0,0,0,,,
4045098,,Street Litter,None,9,,,2,Wilson Road - R Penman Reserve,BLAIRGOWRIE,3942,,-38.361488,144.778533,0,,,,,,,0,0,0,,,
4045099,Harry Blythe Playground Reserve,Street Litter,None,1200,,,25-35,Adelaide Street - Harry Blythe Playground Reserve,BLAIRGOWRIE,3942,,-38.366757,144.785452,0,,,,,,,0,0,0,,242 - SOUTH THU,
4045100,,Street Litter,None,11,,,470,Melbourne Road - Stringer Road Reserve,BLAIRGOWRIE,3942,,-38.361842,144.764661,0,,,,,,,0,0,0,,,
4045101,,Street Litter,None,12,,,10,William Road - Hall,BLAIRGOWRIE,3942,,-38.363766,144.784259,0,,,,,,,0,0,0,,,
4045102,,Street Litter,None,13,,,10,William Road - Senior Citizens,BLAIRGOWRIE,3942,,-38.363766,144.784259,0,,,,,,,0,0,0,,,
4045103,,Street Litter,None,14,,,3005,Point Nepean Road - BBQ area opp. Hughes Rd,BLAIRGOWRIE,3942,,-38.353915,144.763056,0,,,,,,,0,0,0,,,
4045104,,Street Litter,None,15,,,2900,Point Nepean Road - Marina Carpark,BLAIRGOWRIE,3942,,-38.358595,144.771602,0,,,,,,,0,0,0,,,
4045105,,Street Litter,None,16,,,2761,Point Nepean Road - Adelaide Street car park,BLAIRGOWRIE,3942,,-38.362397,144.786323,0,,,,,,,0,0,0,,,
4045106,,Street Litter,None,17,,,570,Boneo Road - Recreation Reserve (G),BONEO,3939,,-38.411462,144.884581,0,,,,,,,0,0,0,,,
4045107,,Street Litter,None,18,,,11A,Allambi Avenue - Seawinds Community Hub (G),CAPEL SOUND,3940,,-38.375311,144.88546,0,,,,,,,0,0,0,,,
4045108,,Street Litter,None,19,,,66,Elizabeth Street - Vern Wright Reserve,CAPEL SOUND,3940,,-38.373522,144.870612,0,,,,,,,0,0,0,,,
4045110,,Street Litter,None,21,,,376,Eastbourne Road - Milkbar,CAPEL SOUND,3940,,-38.367363,144.887292,0,,,,,,,0,0,0,,,
4045111,,Street Litter,None,22,,,1657,Point Nepean Road - Thai Shop,CAPEL SOUND,3940,,-38.363915,144.875504,0,,,,,,,0,0,0,,242 - SOUTH MON,
4045112,,Street Litter,None,23,,,1641,Point Nepean Road - Newsagency,CAPEL SOUND,3940,,-38.363789,144.876017,0,,,,,,,0,0,0,,,
4045113,,Street Litter,None,24,,,1633,Point Nepean Road - Simply Blinds,CAPEL SOUND,3940,,-38.363746,144.876172,0,,,,,,,0,0,0,,242 - SOUTH MON,
4045114,,Street Litter,None,25,,,1617,Point Nepean Road - Shops,CAPEL SOUND,3940,,-38.363595,144.876796,0,,,,,,,0,0,0,,242 - SOUTH MON,
4045115,,Street Litter,None,26,,,1609,Point Nepean Road - General Store,CAPEL SOUND,3940,,-38.363535,144.877025,0,,,,,,,0,0,0,,242 - SOUTH MON,
4045116,,Street Litter,None,27,,,40,Illaroo Street - General Store,CAPEL SOUND,3940,,-38.371898,144.884823,0,,,,,,,0,0,0,,242 - SOUTH MON,
4045119,,Street Litter,None,30,,,1065,Arthurs Seat Road - Dromana Cemetery,DROMANA,3936,,-38.346109,144.949227,0,,,,,,,0,0,0,,242 - SOUTH MON,
4045120,,Street Litter,None,31,,,2a,Verdon Street - Dromana Memorial Hall,DROMANA,3936,,-38.33653,144.957924,0,,,,,,,0,0,0,,242 - SOUTH MON,
4045121,,Street Litter,None,32,,,349,Point Nepean Road - Outside YPA real estate,DROMANA,3936,,-38.335548,144.959066,0,,,,,,,0,0,0,,242 - SOUTH MON,
4045122,,Street Litter,None,33,,,289,Point Nepean Road - Outside Eview Group Real Estate,DROMANA,3936,,-38.333696,144.96294,0,,,,,,,0,0,0,,242 - SOUTH MON,
4045123,,Street Litter,None,34,,,233,Point Nepean Road - Outside Charcoal Chicken,DROMANA,3936,,-38.332865,144.964671,0,,,,,,,0,0,0,,242 - SOUTH MON,
4045124,,Street Litter,None,35,,,251,Point Nepean Road - At Bus Stop outside Dromana Hub,DROMANA,3936,,-38.333086,144.96421,0,,,,,,,0,0,0,,242 - SOUTH MON,
4045125,,Street Litter,None,36,,6,217,Point Nepean Road - Outside Bodaceous Blooms,DROMANA,3936,,-38.332753,144.964911,0,,,,,,,0,0,0,,242 - SOUTH MON,
4045126,,Street Litter,None,37,,1,217,Point Nepean Road - Outside NAB,DROMANA,3936,,-38.332753,144.964911,0,,,,,,,0,0,0,,242 - SOUTH MON,
4045127,,Street Litter,None,38,,,1,Pier Street - Outside MJ Ross Estate Agents,DROMANA,3936,,-38.332636,144.96563,0,,,,,,,0,0,0,,242 - SOUTH MON,
4045129,,Street Litter,None,40,,,13,Pier Street - Laundromat,DROMANA,3936,,-38.333044,144.965958,0,,,,,,,0,0,0,,242 - SOUTH MON,
4045130,,Street Litter,None,41,,,195,Point Nepean Road - Gelato Shop,DROMANA,3936,,-38.332146,144.96615,0,,,,,,,0,0,0,,242 - SOUTH MON,
4045131,,Street Litter,None,42,,,191,Point Nepean Road - Outside Beachside Medical,DROMANA,3936,,-38.332035,144.966413,0,,,,,,,0,0,0,,242 - SOUTH MON,
4045132,,Street Litter,None,43,,,183-185,Point Nepean Road - Outside The Bottle-O,DROMANA,3936,,-38.331915,144.966651,0,,,,,,,0,0,0,,242 - SOUTH MON,
4045133,,Street Litter,None,44,,,177,Point Nepean Road - Outside Dromana Newsagency,DROMANA,3936,,-38.331797,144.966899,0,,,,,,,0,0,0,,242 - SOUTH MON,
4045134,,Street Litter,None,45,,,167,Point Nepean Road - Outside Laneway Espresso,DROMANA,3936,,-38.331655,144.967181,0,,,,,,,0,0,0,,242 - SOUTH MON,
4045135,,Street Litter,None,46,,,151,Point Nepean Road - Outside Stella's Dromana Hotel,DROMANA,3936,,-38.331447,144.967598,0,,,,,,,0,0,0,,242 - SOUTH MON,
4045136,,Street Litter,None,47,,,141,Point Nepean Road - Outside Dromana Dumplings Chinese Restaurant,DROMANA,3936,,-38.331134,144.968263,0,,,,,,,0,0,0,,242 - SOUTH MON,
4045137,,Street Litter,None,48,,,135,Point Nepean Road - Outside Kacha Thai Restaurant,DROMANA,3936,,-38.331037,144.968448,0,,,,,,,0,0,0,,242 - SOUTH MON,
4045139,,Street Litter,None,50,,2,143,Point Nepean Road - Outside Michelle Jane Hair,DROMANA,3936,,-38.331206,144.96811,0,,,,,,,0,0,0,,242 - SOUTH MON,
4045140,,Street Litter,None,51,,10,143,Point Nepean Road - Outside Naturally Well Chiropractic,DROMANA,3936,,-38.331206,144.96811,0,,,,,,,0,0,0,,242 - SOUTH MON,
4045141,,Street Litter,None,52,,,240,Boundary Road - Shops,DROMANA,3936,,-38.34417,144.980241,0,,,,,,,0,0,0,,,
4045143,,Street Litter,None,54,,,93,Point Nepean Road - Bus stop near corner of Seacombe Street,DROMANA,3936,,-38.329186,144.97228,0,,,,,,,0,0,0,,242 - SOUTH MON,
4045145,,Street Litter,None,56,,,77,Pier Street - Pier Street Leash Free Area,DROMANA,3936,,-38.337644,144.969489,0,,,,,,,0,0,0,,242 - SOUTH MON,
4045146,,Street Litter,None,57,,,10,Marna Street - Dromana Tennis Courts,DROMANA,3936,,-38.33677,144.970479,0,,,,,,,0,0,0,,242 - SOUTH MON,
4045147,,Street Litter,None,58,,,191,Boundary Road - Hillview Reserve,DROMANA,3936,,-38.344607,144.980268,0,,,,,,,0,0,0,,,
4045148,,Street Litter,None,59,,,3,June Avenue - at Shop,DROMANA,3936,,-38.333638,144.988112,0,,,,,,,0,0,0,,242 - SOUTH MON,
4045149,,Street Litter,None,60,,Facility,47,Pier Street - Dromana Rec Reserve,DROMANA,3936,,-38.334306,144.967539,0,,,,,,,0,0,0,,,
4045150,,Street Litter,None,61,,,359B,Point Nepean Road - Bus Stop Outside Dromana Tourist Information Centre,DROMANA,3936,,-38.336996,144.95602,0,,,,,,,0,0,0,,242 - SOUTH MON,
4045151,,Street Litter,None,62,,,359C,Point Nepean Road - Park & Tourist Centre,DROMANA,3936,,-38.337053,144.956106,0,,,,,,,0,0,0,,,
4045152,,Street Litter,None,63,,,359B,Point Nepean Road - Dromana Park,DROMANA,3936,,-38.337196,144.956101,0,,,,,,,0,0,0,,,
4045153,,Street Litter,None,64,,,,Anthonys Nose Boat Ramp,DROMANA,3936,,-38.341024,144.945326,0,,,,,,,0,0,0,,,
4045154,,Street Litter,None,65,,,658,Point Nepean Road - Playground,MCCRAE,3938,,-38.347916,144.929101,0,,,,,,,0,0,0,,,
4045155,,Street Litter,None,66,,,669,Point Nepean Road - Granger Real Estate,MCCRAE,3938,,-38.348763,144.928348,0,,,,,,,0,0,0,,,
4045156,,Street Litter,None,67,,,690,Point Nepean Road - Lifesaving Club carpark,MCCRAE,3938,,-38.348473,144.927102,0,,,,,,,0,0,0,,,
4045157,,Street Litter,None,68,,,676,Point Nepean Road - At Lighthouse carpark,MCCRAE,3938,,-38.348138,144.928616,0,,,,,,,0,0,0,,,
4045158,,Street Litter,None,69,,,47-51,Matthew Street - Benbenjie Reserve,MCCRAE,3938,,-38.358149,144.932985,0,,,,,,,0,0,0,,242 - SOUTH MON,
4045159,,Street Litter,None,70,,,Opp. 717,Point Nepean Road - George Kilburn Bus Stop,MCCRAE,3938,,-38.3504,144.92395,0,,,,,,,0,0,0,,,
4045160,,Street Litter,None,71,,,3782,Point Nepean Road - Portsea Pier,PORTSEA,3944,,-38.319071,144.713343,0,,,,,,,0,0,0,,,
4045161,,Street Litter,None,72,,,3782,Point Nepean Road - WE Newton Reserve,PORTSEA,3944,,-38.3195,144.713305,0,,,,,,,0,0,0,,,
4045162,,Street Litter,None,73,,,3774,Point Nepean Road - General Store,PORTSEA,3944,,-38.319933,144.713694,0,,,,,,,0,0,0,,,
4045163,,Street Litter,None,74,,,3761,Point Nepean Road - in Carpark,PORTSEA,3944,,-38.320138,144.713403,0,,,,,,,0,0,0,,242 - SOUTH MON,
4045164,,Street Litter,None,75,,,3759,Point Nepean Road - in Carpark,PORTSEA,3944,,-38.320256,144.713922,0,,,,,,,0,0,0,,,
4045165,,Street Litter,None,76,,,2A,Docrell Lane - Corner of Point Nepean Road,PORTSEA,3944,,-38.319983,144.714073,0,,,,,,,0,0,0,,,
4045166,,Street Litter,None,77,,,3755,Point Nepean Road - Dive Hire,PORTSEA,3944,,-38.320377,144.714144,0,,,,,,,0,0,0,,,
4045167,,Street Litter,None,78,,,3746,Point Nepean Road - Art Gallery,PORTSEA,3944,,-38.32004,144.714406,0,,,,,,,0,0,0,,242 - SOUTH MON,
4045168,,Street Litter,None,79,,,35,Blair Road - Portsea Rec Reserve,PORTSEA,3944,,-38.32555,144.712327,0,,,,,,,0,0,0,,,
4045169,,Street Litter,None,80,,,33,Blair Road - Portsea Rec Reserve(R),PORTSEA,3944,,-38.325681,144.712593,0,,,,,,,0,0,0,,,
4045171,,Street Litter,None,82,,,4,Hemston Avenue - Car Park to Shelly Beach,PORTSEA,3944,,-38.323202,144.731291,0,,,,,,,0,0,0,,242 - SOUTH MON,
4045172,,Street Litter,None,83,,,3812,Point Nepean Road - the Cutting,PORTSEA,3944,,-38.318859,144.710174,0,,,,,,,0,0,0,,242 - SOUTH MON,
4045173,,Street Litter,None,84,,,994,Point Nepean Road - Memorial Hall,ROSEBUD,3939,,-38.356199,144.900116,0,,,,,,,0,0,0,,242 - SOUTH MON,
4045174,,Street Litter,None,85,,,996,Point Nepean Road - Foreshore Bus stop,ROSEBUD,3939,,-38.356305,144.90146,0,,,,,,,0,0,0,,,
4045175,,Street Litter,None,86,,,996,Point Nepean Road - Scout Hall,ROSEBUD,3939,,-38.356408,144.898783,0,,,,,,,0,0,0,,,
4045176,,Street Litter,None,87,,,988,Point Nepean Road - near Memorial Hall,ROSEBUD,3939,,-38.356249,144.900584,0,,,,,,,0,0,0,,242 - SOUTH MON,
4045177,,Street Litter,None,88,,,1380,Point Nepean Road - Foreshore Camping Office carpark & Bus stop,ROSEBUD,3939,,-38.35915,144.891214,0,,,,,,,0,0,0,,242 - SOUTH MON,
4045178,,Street Litter,None,89,,,988,Point Nepean Road - Foreshore near Sound Shell,ROSEBUD,3939,,-38.355872,144.900532,0,,,,,,,0,0,0,,,
4045180,,Street Litter,None,91,,,1,Rosebud Parade - to Beach,ROSEBUD,3939,,-38.354325,144.905413,0,,,,,,,0,0,0,,,
4045181,,Street Litter,None,92,,,932,Point Nepean Road - Bowling Club,ROSEBUD,3939,,-38.355754,144.903384,0,,,,,,,0,0,0,,242 - SOUTH MON,
4045182,,Street Litter,None,93,,,1455,Point Nepean Road - Left of Skate Park,ROSEBUD,3939,,-38.359257,144.888822,0,,,,,,,0,0,0,,242 - SOUTH MON,
4045184,,Street Litter,None,95,,,1,Murray Anderson Road - Carpark,ROSEBUD,3939,,-38.352995,144.910761,0,,,,,,,0,0,0,,242 - SOUTH MON,
4045185,,Street Litter,None,96,,,2,Jetty Road - Rosebud Pier,ROSEBUD,3939,,-38.353151,144.908544,0,,,,,,,0,0,0,,,
4045186,,Street Litter,None,97,,,1455,Point Nepean Road - Rosebud Foreshore,ROSEBUD,3939,,-38.359196,144.889568,0,,,,,,,0,0,0,,,
4045188,,Street Litter,None,99,,,1455,Point Nepean Road - Skate Park,ROSEBUD,3939,,-38.359423,144.889658,0,,,,,,,0,0,0,,242 - SOUTH MON,
4045189,,Street Litter,None,100,,,1455,Point Nepean Road - Rosebud Skate park near path,ROSEBUD,3939,,-38.359752,144.889535,0,,,,,,,0,0,0,,242 - SOUTH MON,
4045190,,Street Litter,None,101,,,1455,Point Nepean Road - Rosebud Skate park,ROSEBUD,3939,,-38.359289,144.889148,0,,,,,,,0,0,0,,,
4045191,,Street Litter,None,102,,,980,Point Nepean Road - Village Green,ROSEBUD,3939,,-38.355602,144.901494,0,,,,,,,0,0,0,,,
4045193,,Street Litter,None,104,,,1403-1443,Point Nepean Road - Woolworths Bus Stop,ROSEBUD,3939,,-38.359794,144.890749,0,,,,,,,0,0,0,,,
4045194,,Street Litter,None,105,,,1387,Point Nepean Road - Furniture Store,ROSEBUD,3939,,-38.359484,144.89179,0,,,,,,,0,0,0,,242 - SOUTH MON,
4045195,,Street Litter,None,106,,,1355-1359,Point Nepean Road - Cnr of Rose Avenue,ROSEBUD,3939,,-38.359285,144.892556,0,,,,,,,0,0,0,,242 - SOUTH MON,
4045196,,Street Litter,None,107,,,Rosebud Medical 1239,Point Nepean Road,ROSEBUD,3939,,-38.358305,144.896013,0,,,,,,,0,0,0,,242 - SOUTH MON,
4045197,,Street Litter,None,108,,,1191,Point Nepean Road - Petrol Station,ROSEBUD,3939,,-38.357379,144.899398,0,,,,,,,0,0,0,,,
4045198,,Street Litter,None,109,,,1165,Point Nepean Road - Real Estate,ROSEBUD,3939,,-38.357145,144.900314,0,,,,,,,0,0,0,,,
4045199,,Street Litter,None,110,,,1153-1157,Point Nepean Road - Opp real estate in carpark,ROSEBUD,3939,,-38.356864,144.900608,0,,,,,,,0,0,0,,242 - SOUTH MON,
4045200,,Street Litter,None,111,,,1137-1151,Point Nepean Road - Opp. 7/11,ROSEBUD,3939,,-38.356728,144.901153,0,,,,,,,0,0,0,,242 - SOUTH MON,
4045201,,Street Litter,None,112,,,1167-1169,Point Nepean Road - Carpark Opp. Pen Pet Clips,ROSEBUD,3939,,-38.357035,144.900117,0,,,,,,,0,0,0,,,
4045203,,Street Litter,None,114,,,1099-1125,Point Nepean Road - Thirsty Camel,ROSEBUD,3939,,-38.356544,144.902298,0,,,,,,,0,0,0,,242 - SOUTH MON,
4045204,,Street Litter,None,115,,,1099-1125,Point Nepean Road - Rosebud Hotel,ROSEBUD,3939,,-38.356544,144.902298,0,,,,,,,0,0,0,,,
4045206,,Street Litter,None,117,,,1083-1085,Point Nepean Road - Tatts,ROSEBUD,3939,,-38.356255,144.903387,0,,,,,,,0,0,0,,,
4045207,,Street Litter,None,118,,,1073-1077,Point Nepean Road - Commonwealth Bank,ROSEBUD,3939,,-38.356155,144.903735,0,,,,,,,0,0,0,,,
4045208,,Street Litter,None,119,,,1069,Point Nepean Road - Baker Boys Cafe,ROSEBUD,3939,,-38.356066,144.904111,0,,,,,,,0,0,0,,242 - SOUTH MON,
4045209,,Street Litter,None,120,,4,35,Wannaeue Place - Cliffex Meats,ROSEBUD,3939,,-38.35702,144.904918,0,,,,,,,0,0,0,,,
4045210,,Street Litter,None,121,,7,35,Wannaeue Place - Library bus stop,ROSEBUD,3939,,-38.357417,144.904857,0,,,,,,,0,0,0,,,
4045212,,Street Litter,None,123,,,1053-1055,Point Nepean Road - Opp. NAB in car park,ROSEBUD,3939,,-38.355944,144.904689,0,,,,,,,0,0,0,,,
4045213,,Street Litter,None,124,,,1053-1055,Point Nepean Road - NAB,ROSEBUD,3939,,-38.355944,144.904689,0,,,,,,,0,0,0,,,
4045214,,Street Litter,None,125,,,1041,Point Nepean Road - At Bakery,ROSEBUD,3939,,-38.355814,144.905119,0,,,,,,,0,0,0,,,
4045215,,Street Litter,None,126,,,5,Wannaeue Place - Rosebud Cinema,ROSEBUD,3939,,-38.356479,144.905573,0,,,,,,,0,0,0,,242 - SOUTH MON,
4045216,,Street Litter,None,127,,,1035,Point Nepean Road - Opp. Butcher shop,ROSEBUD,3939,,-38.355754,144.905329,0,,,,,,,0,0,0,,,
4045217,,Street Litter,None,128,,,1027,Point Nepean Road - Westpac,ROSEBUD,3939,,-38.355658,144.905711,0,,,,,,,0,0,0,,,
4045218,,Street Litter,None,129,,,1011,Point Nepean Road - Cnr Rosebud Pde,ROSEBUD,3939,,-38.355445,144.906413,0,,,,,,,0,0,0,,,
4045219,,Street Litter,None,130,,,1003A-1011A,Point Nepean Road - Bus Stop at Shops,ROSEBUD,3939,,-38.355445,144.906413,0,,,,,,,0,0,0,,242 - SOUTH MON,
4045220,,Street Litter,None,131,,,967,Point Nepean Road - At Shops,ROSEBUD,3939,,-38.355286,144.907123,0,,,,,,,0,0,0,,242 - SOUTH MON,
4045221,,Street Litter,None,132,,,967,Point Nepean Road - Walkway,ROSEBUD,3939,,-38.355286,144.907123,0,,,,,,,0,0,0,,242 - SOUTH MON,
4045222,,Street Litter,None,133,,,9,Leon Avenue - Lawson Leash Free,ROSEBUD,3939,,-38.360891,144.912773,0,,,,,,,0,0,0,,,
4045223,,Street Litter,None,134,,,866,Point Nepean Road - Jetty Road Bus Stop,ROSEBUD,3939,,-38.354094,144.909363,0,,,,,,,0,0,0,,,
4045226,,Street Litter,None,137,,,95-97,Old Cape Schanck Road - Waterfall Gully Shops,ROSEBUD,3939,,-38.376967,144.910594,0,,,,,,,0,0,0,,242 - SOUTH MON,
4045228,,Street Litter,None,139,,,867,Point Nepean Road - at Campbell Page,ROSEBUD,3939,,-38.354169,144.911079,0,,,,,,,0,0,0,,242 - SOUTH MON,
4045229,,Street Litter,None,140,,,835,Point Nepean Road - BWS,ROSEBUD,3939,,-38.353744,144.912629,0,,,,,,,0,0,0,,242 - SOUTH MON,
4045231,,Street Litter,None,142,,,90,Besgrove Street - Olympic Oval,ROSEBUD,3939,,-38.369871,144.894168,0,,,,,,,0,0,0,,242 - SOUTH MON,
4045232,,Street Litter,None,143,,,1,Durham Place - Beach Entrance,ROSEBUD,3939,,-38.354282,144.907049,0,,,,,,,0,0,0,,,
4045233,,Street Litter,None,144,,,39,Wallaby Drive - Terry Goddard Reserve,ROSEBUD,3939,,-38.387813,144.92268,0,,,,,,,0,0,0,,,
4045234,,Street Litter,None,145,,,323a,Bayview Road - Outside HOVE.,ROSEBUD,3939,,-38.367741,144.914534,0,,,,,,,0,0,0,,242 - SOUTH THU,
4045235,,Street Litter,None,146,,,325,Bayview Road - Waterfall Gully PreSchool & I.W.C.,ROSEBUD,3939,,-38.368578,144.914628,0,,,,,,,0,0,0,,242 - SOUTH MON,
4045236,,Street Litter,None,147,,,1-3,Nepean Plaza - Youth Services,ROSEBUD,3939,,-38.356829,144.90368,0,,,,,,,0,0,0,,,
4045237,,Street Litter,None,148,,,123,Fourth Avenue - Banksia Reserve,ROSEBUD,3939,,-38.364789,144.899058,0,,,,,,,0,0,0,,,
4045238,,Street Litter,None,149,,,21,Wattle Road - Woodvale Grove Reserve,ROSEBUD,3939,,-38.356211,144.922378,0,,,,,,,0,0,0,,,
4045240,,Street Litter,None,151,,,2575,Point Nepean Road - Opp Johns Road (Beach Side),RYE,3941,,-38.366792,144.805886,0,,,,,,,0,0,0,,242 - SOUTH MON,
4045243,,Street Litter,None,154,,,2307-2317,Point Nepean Road - Post Office,RYE,3941,,-38.370804,144.82482,0,,,,,,,0,0,0,,,
4045244,,Street Litter,None,155,,,2581,Point Nepean Road - Johns Drive Bus Stop,RYE,3941,,-38.366827,144.805502,0,,,,,,,0,0,0,,,
4045245,,Street Litter,None,156,,,2345,Point Nepean Road - Carpark,RYE,3941,,-38.370241,144.823742,0,,,,,,,0,0,0,,242 - SOUTH MON,
4045246,,Street Litter,None,157,,,2153-2183,Point Nepean Road - Entrances to Woolworths,RYE,3941,,-38.371738,144.829859,0,,,,,,,0,0,0,,,
4045247,,Street Litter,None,158,,,45,Milton Street - Reserve,RYE,3941,,-38.37291,144.796301,0,,,,,,,0,0,0,,,
4045248,,Street Litter,None,159,,,,Ozone Street - Shops,RYE,3941,,-38.371609,144.829462,0,,,,,,,0,0,0,,,
4045249,,Street Litter,None,160,,,2271,Point Nepean Road - Bendigo Bank,RYE,3941,,-38.370968,144.82663,0,,,,,,,0,0,0,,,
4045251,,Street Litter,None,162,,,2389,Point Nepean Road - Mubble Ice Cream,RYE,3941,,-38.370359,144.821803,0,,,,,,,0,0,0,,242 - SOUTH MON,
4045252,,Street Litter,None,902,,,360,Dundas Street - Milkbar,RYE,3941,,-38.401566,144.812095,0,,,,,,,0,0,0,,,
4045253,,Street Litter,None,164,,,2215,Point Nepean Road - The Hive,RYE,3941,,-38.371189,144.828373,0,,,,,,,0,0,0,,242 - SOUTH MON,
4045254,,Street Litter,None,165,,,2185,Point Nepean Road - Hectors Seafood,RYE,3941,,-38.371139,144.829613,0,,,,,,,0,0,0,,242 - SOUTH MON,
4045255,,Street Litter,None,166,,,2405,Point Nepean Road - Humble Pie Bakery,RYE,3941,,-38.370309,144.821404,0,,,,,,,0,0,0,,242 - SOUTH MON,
4045256,,Street Litter,None,167,,,2445,Point Nepean Road - Main Sail Bar,RYE,3941,,-38.370218,144.82069,0,,,,,,,0,0,0,,,
4045257,,Street Litter,None,168,,,96,Melbourne Road - Milk Bar,RYE,3941,,-38.376525,144.807698,0,,,,,,,0,0,0,,242 - SOUTH MON,
4045258,,Street Litter,None,169,,,2361,Point Nepean Road - at NAB,RYE,3941,,-38.370518,144.823081,0,,,,,,,0,0,0,,,
4045259,,Street Litter,None,170,,,43,Wondaree Street - Peninsula Pantry,RYE,3941,,-38.381382,144.809533,0,,,,,,,0,0,0,,242 - SOUTH MON,
4045260,,Street Litter,None,171,,,2367,Point Nepean Road - Newsagency,RYE,3941,,-38.370489,144.822823,0,,,,,,,0,0,0,,242 - SOUTH MON,
4045261,,Street Litter,None,172,,,2349,Point Nepean Road - the Outdoor Store,RYE,3941,,-38.370568,144.823422,0,,,,,,,0,0,0,,,
4045262,,Street Litter,None,173,,,2413,Point Nepean Road - At Thirsty Camel,RYE,3941,,-38.370269,144.821093,0,,,,,,,0,0,0,,,
4045263,,Street Litter,None,174,,,2153-2183,Point Nepean Road - Amcal & Bakers Delight,RYE,3941,,-38.371528,144.829751,0,,,,,,,0,0,0,,,
4045264,,Street Litter,None,175,,,2385,Point Nepean Road - Vulcano Gelato,RYE,3941,,-38.370429,144.822336,0,,,,,,,0,0,0,,,
4045265,,Street Litter,None,176,,,20-56,Melbourne Road - RJ Rowley Rec Reserve (G),RYE,3941,,-38.372622,144.811458,0,,,,,,,0,0,0,,,
4045266,,Street Litter,None,177,,,2475,Point Nepean Road - Rye Boat Ramp &Carpark,RYE,3941,,-38.369485,144.817758,0,,,,,,,0,0,0,,242 - SOUTH MON,
4045267,,Street Litter,None,178,,,22-30,Lyons Street - Rye Cemetery,RYE,3941,,-38.37433,144.823878,0,,,,,,,0,0,0,,,
4045269,,Street Litter,None,180,,,27,Nelson Street - Community Centre,RYE,3941,,-38.371476,144.820652,0,,,,,,,0,0,0,,,
4045270,,Street Litter,None,181,,,12,Napier Street - Civic Hall & Senior Citizens,RYE,3941,,-38.371826,144.821716,0,,,,,,,0,0,0,,,
4045271,,Street Litter,None,182,,,Opp. 2389,Point Nepean Road - Rye Pier,RYE,3941,,-38.370102,144.822045,0,,,,,,,0,0,0,,242 - SOUTH MON,
4045272,,Street Litter,None,183,,Facility,21,Nelson Street - Preschool & MCHC,RYE,3941,,-38.371535,144.820888,0,,,,,,,0,0,0,,,
4045273,,Street Litter,None,184,,,540-542,Melbourne Road - Koonya General Store,SORRENTO,3943,,-38.357637,144.757162,0,,,,,,,0,0,0,,242 - SOUTH MON,
4045274,,Street Litter,None,185,,,3288,Point Nepean Road - Path to Beach,SORRENTO,3943,,-38.338583,144.744259,0,,,,,,,0,0,0,,,
4045275,,Street Litter,None,186,,,3278,Point Nepean Road - Beside Baths Restaurant,SORRENTO,3943,,-38.339561,144.744907,0,,,,,,,0,0,0,,,
4045276,,Street Litter,None,187,,,3278,Point Nepean Road - Baths Restuarant,SORRENTO,3943,,-38.339561,144.744907,0,,,,,,,0,0,0,,242 - SOUTH MON,
4045277,,Street Litter,None,188,,,3238,Point Nepean Road - Picnic Area,SORRENTO,3943,,-38.341485,144.747416,0,,,,,,,0,0,0,,,
4045278,,Street Litter,None,189,,,3238,Point Nepean Road - Opposite Bowen Road,SORRENTO,3943,,-38.340859,144.746378,0,,,,,,,0,0,0,,242 - SOUTH MON,
4045279,,Street Litter,None,190,,,3217,Point Nepean Road - Websters Corner,SORRENTO,3943,,-38.342205,144.748925,0,,,,,,,0,0,0,,,
4045280,,Street Litter,None,191,,Facility,860,Melbourne Road - Sorrento Community Centre,SORRENTO,3943,,-38.338482,144.737537,0,,,,,,,0,0,0,,242 - SOUTH MON,
4045281,,Street Litter,None,192,,,860,Melbourne Road - Comm Cntr Skate Park,SORRENTO,3943,,-38.338562,144.736898,0,,,,,,,0,0,0,,242 - SOUTH MON,
4045282,,Street Litter,None,193,,,166-168,Ocean Beach Road - Medical Centre,SORRENTO,3943,,-38.339802,144.736825,0,,,,,,,0,0,0,,,
4045283,,Street Litter,None,194,,,157-163,Ocean Beach Road - Patrick's Corner,SORRENTO,3943,,-38.340137,144.736839,0,,,,,,,0,0,0,,,
4045284,,Street Litter,None,195,,,128-136,Ocean Beach Road - Antiques Shop,SORRENTO,3943,,-38.339607,144.73777,0,,,,,,,0,0,0,,242 - SOUTH MON,
4045285,,Street Litter,None,196,,,119,Ocean Beach Road - At Sussan,SORRENTO,3943,,-38.339871,144.737817,0,,,,,,,0,0,0,,,
4045286,,Street Litter,None,197,,,108,Ocean Beach Road - IGA,SORRENTO,3943,,-38.339483,144.738236,0,,,,,,,0,0,0,,,
4045287,,Street Litter,None,198,,,101,Ocean Beach Road - at TAB,SORRENTO,3943,,-38.339685,144.738626,0,,,,,,,0,0,0,,,
4045288,,Street Litter,None,199,,,1,Hotham Road - BBQ Area opp. Police Station,SORRENTO,3943,,-38.336302,144.742407,0,,,,,,,0,0,0,,242 - SOUTH MON,
4045289,,Street Litter,None,200,,,68-74,Ocean Beach Road - Gym/Salt Room,SORRENTO,3943,,-38.339256,144.739197,0,,,,,,,0,0,0,,,
4045290,,Street Litter,None,201,,,77,Ocean Beach Road - at Park benches,SORRENTO,3943,,-38.339556,144.739182,0,,,,,,,0,0,0,,,
4045291,,Street Litter,None,202,,,54-56,Ocean Beach Road - Flight Centre,SORRENTO,3943,,-38.339172,144.73956,0,,,,,,,0,0,0,,,
4045292,,Street Litter,None,203,,,69,Ocean Beach Road - Beach Club,SORRENTO,3943,,-38.339455,144.739594,0,,,,,,,0,0,0,,,
4045293,,Street Litter,None,204,,,42,Ocean Beach Road - Brumbys,SORRENTO,3943,,-38.339083,144.739937,0,,,,,,,0,0,0,,242 - SOUTH MON,
4045294,,Street Litter,None,205,,,55,Ocean Beach Road - Sorrento Meats,SORRENTO,3943,,-38.339325,144.740146,0,,,,,,,0,0,0,,,
4045295,,Street Litter,None,206,,,40,Ocean Beach Road - Commonwealth Bank,SORRENTO,3943,,-38.339013,144.740236,0,,,,,,,0,0,0,,,
4045296,,Street Litter,None,207,,,10-16,Ocean Beach Road - Country Road,SORRENTO,3943,,-38.338842,144.74099,0,,,,,,,0,0,0,,,
4045297,,Street Litter,None,208,,,25,Ocean Beach Road - Fish &Chip Shop,SORRENTO,3943,,-38.339135,144.740985,0,,,,,,,0,0,0,,,
4045298,,Street Litter,None,209,,,2-8,Ocean Beach Road - Stringers Store,SORRENTO,3943,,-38.33879,144.74125,0,,,,,,,0,0,0,,,
4045299,,Street Litter,None,210,,,21,Ocean Beach Road - Continental Hotel,SORRENTO,3943,,-38.339126,144.741032,0,,,,,,,0,0,0,,,
4045300,,Street Litter,None,211,,,2,Esplanade - RHS of Pier Entrance,SORRENTO,3943,,-38.336526,144.744754,0,,,,,,,0,0,0,,,
4045301,,Street Litter,None,212,,,2,Esplanade - LHS of Pier Entrance,SORRENTO,3943,,-38.336525,144.744409,0,,,,,,,0,0,0,,,
4045302,,Street Litter,None,213,,,2,Esplanade - Pier Carpark,SORRENTO,3943,,-38.337055,144.744399,0,,,,,,,0,0,0,,,
4045303,,Street Litter,None,214,,,2,Esplanade - Bus Stop/ Toilet Block at Pier,SORRENTO,3943,,-38.337283,144.744039,0,,,,,,,0,0,0,,,
4045304,,Street Litter,None,215,,,1,Esplanade - Opp. Morgans Bar,SORRENTO,3943,,-38.337992,144.743961,0,,,,,,,0,0,0,,,
4045305,,Street Litter,None,216,,,14,Hotham Road - Sorrento Park,SORRENTO,3943,,-38.335427,144.741505,0,,,,,,,0,0,0,,,
4045307,,Street Litter,None,218,,,14,Hotham Road - Sorrento Park,SORRENTO,3943,,-38.334624,144.740307,0,,,,,,,0,0,0,,,
4045309,,Street Litter,None,220,,,860,Melbourne Road - David MacFarlane Reserve,SORRENTO,3943,,-38.336584,144.734945,0,,,,,,,0,0,0,,,
4045311,,Street Litter,None,222,,,48,Kerferd Avenue - Bus Stop,SORRENTO,3943,,-38.34056,144.740113,0,,,,,,,0,0,0,,242 - SOUTH MON,
4045312,,Street Litter,None,223,,,69,St Pauls Road - General Store,SORRENTO,3943,,-38.347322,144.743002,0,,,,,,,0,0,0,,242 - SOUTH MON,
4045313,,Street Litter,None,224,,,72,St Pauls Road - Bus Stop,SORRENTO,3943,,-38.347558,144.74241,0,,,,,,,0,0,0,,,
4045314,,Street Litter,None,225,,,20,Darling Road - Preschool,SORRENTO,3943,,-38.341335,144.739005,0,,,,,,,0,0,0,,242 - SOUTH MON,
4045316,,Street Litter,None,227,,,823,Melbourne Road - Activity Centre,SORRENTO,3943,,-38.341683,144.736587,0,,,,,,,0,0,0,,242 - SOUTH MON,
4045317,,Street Litter,None,228,,,99,Bass Meadows Boulevard - Rec Hall &Preschool (G),ST ANDREWS BEACH,3941,,-38.422284,144.838043,0,,,,,,,0,0,0,,242 - SOUTH MON,
4045318,,Street Litter,None,229,,,1825,Point Nepean Road - Bus Stop (Coles Express),TOOTGAROOK,3941,,-38.367195,144.862277,0,,,,,,,0,0,0,,,
4045320,,Street Litter,None,231,,,2,Barry Street - Tootgarook Senior Citizens,TOOTGAROOK,3941,,-38.370349,144.859985,0,,,,,,,0,0,0,,,
4045321,,Street Litter,None,232,,,24,Barry Street - Tootgarook Preschool & Maternal Health Centre,TOOTGAROOK,3941,,-38.370561,144.858587,0,,,,,,,0,0,0,,,
4045322,,Street Litter,None,233,,,30,Barry Street - Tootgarook Memorial Hall,TOOTGAROOK,3941,,-38.370461,144.857879,0,,,,,,,0,0,0,,,
4045323,,Street Litter,None,234,,,5,Guest Street - Milkbar,TOOTGAROOK,3941,,-38.379538,144.85726,0,,,,,,,0,0,0,,242 - SOUTH MON,
4045324,,Street Litter,None,235,,,69,Marshall Street - Dog Park,TOOTGAROOK,3941,,-38.378755,144.841976,0,,,,,,,0,0,0,,,
4045325,,Street Litter,None,236,,,3050,Frankston-Flinders Road - Shops,BALNARRING,3926,,-38.37379,145.125395,0,,,,,,,0,0,0,,,
4045326,,Street Litter,None,237,,,3025,Frankston-Flinders Road - Bus Stop,BALNARRING,3926,,-38.374071,145.126166,0,,,,,,,0,0,0,,,
4045327,,Street Litter,None,238,,,95,Balnarring Road - Balnarring Recreation Reserve (G),BALNARRING,3926,,-38.362927,145.116143,0,,,,,,,0,0,0,,,
4045328,,Street Litter,None,239,,,28,Stumpy Gully Road - Reserve,BALNARRING,3926,,-38.37056,145.127434,0,,,,,,,0,0,0,,,
4045329,,Street Litter,None,240,,,3025,Frankston-Flinders Road - Reserve Playground,BALNARRING,3926,,-38.37413,145.126531,0,,,,,,,0,0,0,,,
4045332,,Street Litter,None,243,,,3055,Frankston-Flinders Road - MCHC,BALNARRING,3926,,-38.374336,145.125025,0,,,,,,,0,0,0,,,
4045334,,Street Litter,None,245,,,10,Seawind Road - to Beach,BALNARRING BEACH,3926,,-38.395318,145.115535,0,,,,,,,0,0,0,,,
4045335,,Street Litter,None,246,,,6,Esplanade - to Beach,BALNARRING BEACH,3926,,-38.394067,145.117652,0,,,,,,,0,0,0,,,
4045336,,Street Litter,None,247,,,6,Tulum Court - Beach Entrance,BALNARRING BEACH,3926,,-38.393184,145.120734,0,,,,,,,0,0,0,,,
4045337,,Street Litter,None,248,,,10,Mason-Smith Road - to Beach,BALNARRING BEACH,3926,,-38.392824,145.122245,0,,,,,,,0,0,0,,,
4045338,,Street Litter,None,249,,,1A,Foreshore Road - Yacht Club,BALNARRING BEACH,3926,,-38.390384,145.127533,0,,,,,,,0,0,0,,,
4045339,,Street Litter,None,250,,,1A,Foreshore Road,BALNARRING BEACH,3926,,-38.390992,145.125516,0,,,,,,,0,0,0,,,
4045340,,Street Litter,None,251,,,154,Balnarring Beach Road - Robertson Recreation Reserve,BALNARRING BEACH,3926,,-38.390161,145.124788,0,,,,,,,0,0,0,,,
4045341,,Street Litter,None,252,,,3255,Frankston-Flinders Road - Hann Creek Reserve,BALNARRING,3926,,-38.383019,145.108211,0,,,,,,,0,0,0,,,
4045342,,Street Litter,None,253,,,80,Baxter-Tooradin Road - Near Baxter Pharmacy in Thomas St,BAXTER,3911,,-38.195311,145.158133,0,,,,,,,0,0,0,,,
4045343,,Street Litter,None,254,,,82,Baxter-Tooradin Road - Outside Baxter Bakehouse in Thomas St,BAXTER,3911,,-38.195351,145.158387,0,,,,,,,0,0,0,,,
4045344,,Street Litter,None,255,,,92,Baxter-Tooradin Road - Outside Fish & Chip Shop,BAXTER,3911,,-38.19539,145.158785,0,,,,,,,0,0,0,,,
4045345,,Street Litter,None,256,,,636,Frankston-Flinders Road - At Restaurant,BAXTER,3911,,-38.194696,145.14815,0,,,,,,,0,0,0,,,
4045346,,Street Litter,None,257,,,77,Baxter-Tooradin Road - Bus Stop,BAXTER,3911,,-38.195427,145.157705,0,,,,,,,0,0,0,,,
4045348,,Street Litter,None,259,,,300,Baxter Tooradin Road - Corner Grants Road,BAXTER,3911,,-38.199055,145.182772,0,,,,,,,0,0,0,,,
4045349,,Street Litter,None,260,,,35,Olstead Drive - Harold Reid Reserve,BAXTER,3911,,-38.197815,145.152838,0,,,,,,,0,0,0,,,
4045350,,Street Litter,None,261,,,8,Acorn Way - Dog Park *must reverse down*,BAXTER,3911,,-38.191389,145.156268,1,,,,,NA,,0,1,0,,,
4045353,,Street Litter,None,264,,,13,Railway Road - MCHC Baxter,BAXTER,3911,,-38.197049,145.156341,0,,,,,,,0,0,0,,,
4045354,,Street Litter,None,265,,,211,Baxter-Tooradin Road - Baxter Community Hall,BAXTER,3911,,-38.197348,145.170048,0,,,,,,,0,0,0,,,246- RECYCLE (AM) TUES
4045355,,Street Litter,None,266,,,26,Olstead Drive - Baxter Pre School,BAXTER,3911,,-38.197838,145.152506,0,,,,,,,0,0,0,,,
4045356,,Street Litter,None,267,,,101,Hendersons Road - Graham Myers Reserve (G),BITTERN,3918,,-38.339973,145.167568,0,,,,,,,0,0,0,,,
4045357,,Street Litter,None,268,,,2431,Frankston-Flinders Road - Railway Station,BITTERN,3918,,-38.336823,145.177964,0,,,,,,,0,0,0,,,
4045358,,Street Litter,None,269,,,38,Creswell Road - Tennis Club,BITTERN,3918,,-38.339891,145.169491,0,,,,,,,0,0,0,,,
4045359,,Street Litter,None,270,,,7,Flinders Street - Reserve,BITTERN,3918,,-38.345724,145.177626,0,,,,,,,0,0,0,,,
4045360,,Street Litter,None,271,,,2426,Frankston-Flinders Road - Bittern Hall,BITTERN,3918,,-38.336015,145.177709,0,,,,,,,0,0,0,,,
4045361,,Street Litter,None,272,,,2426,Frankston-Flinders Road - Preschool (G),BITTERN,3918,,-38.335953,145.177505,0,,,,,,,0,0,0,,,
4045362,,Street Litter,None,273,,,101,Hendersons Road - Bittern Community Centre,BITTERN,3918,,-38.34024,145.167174,0,,,,,,,0,0,0,,,
4045365,,Street Litter,None,276,,,345,Stony Point Road - Bus Stop,CRIB POINT,3919,,-38.35271,145.193912,0,,,,,,,0,0,0,,,
4045366,,Street Litter,None,277,,,143,Disney Street - Shops,CRIB POINT,3919,,-38.353599,145.19413,0,,,,,,,0,0,0,,,
4045367,,Street Litter,None,278,,,1,Mills Avenue - Westernport Equestrian - Balnarring Pony Club,CRIB POINT,3919,,-38.342012,145.192442,0,,,,,,,0,0,0,,,
4045368,,Street Litter,None,279,,,409,Stony Point Road - Bus Stop,CRIB POINT,3919,,-38.346322,145.190963,0,,,,,,,0,0,0,,,
4045369,,Street Litter,None,280,,,487,Stony Point Road - Bus Stop,CRIB POINT,3919,,-38.339404,145.187852,0,,,,,,,0,0,0,,,
4045370,,Street Litter,None,281,,,17,Market Street - Reserve,CRIB POINT,3919,,-38.350369,145.189902,0,,,,,,,0,0,0,,,
4045371,,Street Litter,None,282,,,202,Stony Point Road - At Cafe & Cellar,CRIB POINT,3919,,-38.364999,145.203926,0,,,,,,,0,0,0,,,
4045372,,Street Litter,None,283,,,203,Stony Point Road - AW Peterson Reserve Carpark BBQs,CRIB POINT,3919,,-38.365077,145.20372,0,,,,,,,0,0,0,,,
4045373,,Street Litter,None,284,,,189,Disney Street - Crib Point Cemetery,CRIB POINT,3919,,-38.353641,145.187946,0,,,,,,,0,0,0,,,
4045374,,Street Litter,None,285,,,7,Park Road - Community Hall,CRIB POINT,3919,,-38.362386,145.204383,0,,,,,,,0,0,0,,,
4045375,,Street Litter,None,286,,,31A,Governors Road - Cyril Fox Reserve,CRIB POINT,3919,,-38.358593,145.202883,0,,,,,,,0,0,0,,,
4045377,,Street Litter,None,288,,,31,Governors Road - Swimming Pool Complex,CRIB POINT,3919,,-38.359426,145.205433,0,,,,,,,0,0,0,,,
4045378,,Street Litter,None,289,,,1,Stony Point Road - Jetty,CRIB POINT,3919,,-38.373892,145.222137,0,,,,,,,0,0,0,,,
4045379,,Street Litter,None,290,,,90,Canadian Bay Road - Community Hall,MOUNT ELIZA,3930,,-38.182988,145.087015,0,,,,,,,0,0,0,,,
4045380,,Street Litter,None,291,,,95-97,Wimbledon Avenue - Mt Eliza Preschool,MOUNT ELIZA,3930,,-38.185789,145.087307,0,,,,,,,0,0,0,,,
4045382,,Street Litter,None,293,,,44-54,Barmah Street - Kunyung Preschool,MOUNT ELIZA,3930,,-38.191789,145.082028,0,,,,,,,0,0,0,,,
4045384,,Street Litter,None,295,,,26,Olstead Drive - Baxter Pre School (R),BAXTER,3911,,-38.197672,145.152716,0,,,,,,,0,0,0,,,
4045387,,Street Litter,None,298,,,21,"Worwong Avenue - MCHC, PS, SC",SOMERVILLE,3912,,-38.231118,145.170737,0,,,,,,,0,0,0,,,
4045388,,Street Litter,None,299,,,1085,Frankston-Flinders Road - Somerville Library,SOMERVILLE,3912,,-38.224761,145.176917,0,,,,,,,0,0,0,,,
4045390,,Street Litter,None,301,,,37,Eramosa Road East - Preschool,SOMERVILLE,3912,,-38.224136,145.178786,0,,,,,,,0,0,0,,,
4045391,,Street Litter,None,302,,,14,Edward Street - Street Litter (R),SOMERVILLE,3912,,-38.224791,145.172784,0,,,,,,,0,0,0,,,
4045395,,Street Litter,None,306,,,10,Pound Road - Willum Warrain Gathering Place,HASTINGS,3915,,-38.311777,145.180797,0,,,,,,,0,0,0,,,
4045398,,Street Litter,None,309,,,3,High Street - Public Hall,HASTINGS,3915,,-38.307869,145.194201,0,,,,,,,0,0,0,,,
4045402,,Street Litter,None,313,,,1973,Frankston-Flinders Road - Community Hub,HASTINGS,3915,,-38.297047,145.184375,0,,,,,,,0,0,0,,241 - WEST FRI,
4045403,,Street Litter,None,314,,,6,Wallaroo Place - Westpark Preschool & Wallaroo MCHC,HASTINGS,3915,,-38.29818,145.174104,0,,,,,,,0,0,0,,,
4045404,,Street Litter,None,315,,,101,Hendersons Road - Community Centre (R),BITTERN,3918,,-38.339969,145.167551,0,,,,,,,0,0,0,,,
4045406,,Street Litter,None,317,,,3035,Frankston-Flinders Road - Hall,BALNARRING,3926,,-38.374248,145.125806,0,,,,,,,0,0,0,,,
4045408,,Street Litter,None,319,,,,Frankston-Flinders Road - Preschool (G),BALNARRING,3926,,-38.374747,145.125498,0,,,,,,,0,0,0,,,
4045409,,Street Litter,None,320,,,16,Ocean View Crescent - Somers Preschool (G),SOMERS,3927,,-38.393017,145.16224,0,,,,,,,0,0,0,,,
4045410,,Street Litter,None,321,,,67,Byrnes Road - Street litter bin at Hall,SHOREHAM,3916,,-38.427627,145.044957,0,,,,,,,0,0,0,,,
4045414,,Street Litter,None,325,,,,Flinders Foreshore - Pier,FLINDERS,3929,,-38.475836,145.024877,0,,,,,,,0,0,0,,,
4045415,,Street Litter,None,326,,,1,Esplanade - Flinders Foreshore,FLINDERS,3929,,-38.476415,145.0247,0,,,,,,,0,0,0,,,
4045416,,Street Litter,None,327,,1,33,Cook Street - At Real Estate,FLINDERS,3929,,-38.474207,145.018643,0,,,,,,,0,0,0,,,
4045417,,Street Litter,None,328,,5,33,Cook Street - At Fish &Chips,FLINDERS,3929,,-38.474207,145.018643,0,,,,,,,0,0,0,,,
4045418,,Street Litter,None,329,,9,33,Cook Street - At Spa,FLINDERS,3929,,-38.474207,145.018643,0,,,,,,,0,0,0,,,
4045419,,Street Litter,None,330,,,43,Cook Street - Bus Stop,FLINDERS,3929,,-38.474049,145.017514,0,,,,,,,0,0,0,,,
4045420,,Street Litter,None,331,,,49,Cook Street - At Post Office,FLINDERS,3929,,-38.473958,145.016822,0,,,,,,,0,0,0,,,
4045421,,Street Litter,None,332,,,53-59,Cook Street - Norman Street Reserve,FLINDERS,3929,,-38.473808,145.015573,0,,,,,,,0,0,0,,,
4045422,,Street Litter,None,333,,,42,Cook Street - at the front of the vacant block near Flinders Pharmacy,FLINDERS,3929,,-38.473751,145.017569,0,,,,,,,0,0,0,,,
4045423,,Street Litter,None,334,,,48,Cook Street - Outside General Store,FLINDERS,3929,,-38.473752,145.017063,0,,,,,,,0,0,0,,,
4045424,,Street Litter,None,335,,,54-56,Cook Street - Outside Public Hall (Street Litter Bin),FLINDERS,3929,,-38.473651,145.015829,0,,,,,,,0,0,0,,,
4045425,,Street Litter,None,336,,,23-31,Cook Street - Flinders Hotel,FLINDERS,3929,,-38.474327,145.019101,0,,,,,,,0,0,0,,,
4045426,,Street Litter,None,337,,,26,Barker Street - BA Cairns Reserve (G),FLINDERS,3929,,-38.471461,145.016091,0,,,,,,,0,0,0,,,
4045427,,Street Litter,None,338,,,3,Cove Lane - To Beach,FLINDERS,3929,,-38.470258,145.025323,0,,,,,,,0,0,0,,,
4045428,,Street Litter,None,339,,,5,Stokes Street - Flinders Cemetery,FLINDERS,3929,,-38.469734,145.014594,0,,,,,,,0,0,0,,,
4045429,,Street Litter,None,340,,,62,Bass Street - Flinders Preschool & Playgroup,FLINDERS,3929,,-38.47473,145.014644,0,,,,,,,0,0,0,,,
4045430,,Street Litter,None,341,,,54-56,Cook Street - Civic Hall,FLINDERS,3929,,-38.473565,145.015974,0,,,,,,,0,0,0,,,
4045431,,Street Litter,None,342,,,2,Marine Parade - Foreshore bins,HASTINGS,3915,,-38.306851,145.194106,0,,,,,,,0,0,0,,,
4045433,,Street Litter,None,344,,,2,Marine Parade - Pelican Park,HASTINGS,3915,,-38.306851,145.194106,0,,,,,,,0,0,0,,,
4045434,,Street Litter,None,345,,,Opp 109,Marine Parade - Entrance to Leash Free,HASTINGS,3915,,-38.300905,145.191371,0,,,,,,,0,0,0,,,
4045435,,Street Litter,None,346,,,69,Marine Parade - Opp Cool Store Rd,HASTINGS,3915,,-38.303038,145.19219,0,,,,,,,0,0,0,,,
4045436,,Street Litter,None,347,,,28,Victoria Street - Outside Laundry Mat,HASTINGS,3915,,-38.307083,145.190345,0,,,,,,,0,0,0,,,
4045438,,Street Litter,None,349,,,12-22,Victoria Street - KMART shops,HASTINGS,3915,,-38.308633,145.189425,0,,,,,,,0,0,0,,241 - WEST TUE,
4045439,,Street Litter,None,350,,,11,Alfred Street - Hastings Walk (G),HASTINGS,3915,,-38.308331,145.189278,0,,,,,,,0,0,0,,,
4045440,,Street Litter,None,351,,,21,High Street - Outside Salvation Army,HASTINGS,3915,,-38.307789,145.192723,0,,,,,,,0,0,0,,,
4045441,,Street Litter,None,352,,,97,High Street - Outside Subway,HASTINGS,3915,,-38.307799,145.189094,0,,,,,,,0,0,0,,,
4045442,,Street Litter,None,353,,,54,High Street - NAB Bank,HASTINGS,3915,,-38.307674,145.191104,0,,,,,,,0,0,0,,,
4045443,,Street Litter,None,354,,,75,High Street - Outside Sandwich King,HASTINGS,3915,,-38.307799,145.190143,0,,,,,,,0,0,0,,,
4045444,,Street Litter,None,355,,,35,High Street - Outside High on Fruit,HASTINGS,3915,,-38.307799,145.19177,0,,,,,,,0,0,0,,,
4045445,,Street Litter,None,356,,,101,High Street - Outside Dad's Kitchen,HASTINGS,3915,,-38.307799,145.188814,0,,,,,,,0,0,0,,,
4045446,,Street Litter,None,357,,,63,High Street - On corner opposite Post office,HASTINGS,3915,,-38.307809,145.190714,0,,,,,,,0,0,0,,,
4045447,,Street Litter,None,358,,,148,Salmon Street - IGA Carpark,HASTINGS,3915,,-38.308539,145.192947,0,,,,,,,0,0,0,,,
4045448,,Street Litter,None,359,,,3,High Street - Outside Hastings Library,HASTINGS,3915,,-38.30778,145.19378,0,,,,,,,0,0,0,,,
4045449,,Street Litter,None,360,,,51,High Street - at Pedestrian Crossing near Terry White Chemist,HASTINGS,3915,,-38.307799,145.191183,0,,,,,,,0,0,0,,,
4045450,,Street Litter,None,361,,,108,High Street - Elite Fitness,HASTINGS,3915,,-38.30762,145.18877,0,,,,,,,0,0,0,,,
4045451,,Street Litter,None,362,,,145,Salmon Street - Outside Peaches and Cream,HASTINGS,3915,,-38.307247,145.193664,0,,,,,,,0,0,0,,,
4045452,,Street Litter,None,363,,,48,King Street - Taxi Rank near rear of Coles Car park,HASTINGS,3915,,-38.30715,145.192015,0,,,,,,,0,0,0,,,
4045453,,Street Litter,None,364,,,45,King Street - Bus Stop (toilet block),HASTINGS,3915,,-38.30719,145.192244,0,,,,,,,0,0,0,,,
4045454,,Street Litter,None,365,,,15,Church Street - Coles Car Park,HASTINGS,3915,,-38.306681,145.191034,0,,,,,,,0,0,0,,,
4045455,,Street Litter,None,366,,,15,Church Street - Coles,HASTINGS,3915,,-38.306609,145.191354,0,,,,,,,0,0,0,,,
4045456,,Street Litter,None,367,,,,Skinner Street - Foreshore Boat Ramp,HASTINGS,3915,,-38.309304,145.197494,0,,,,,,,0,0,0,,,
4045457,,Street Litter,None,368,,,50,Marine Parade - Hastings Tennis Courts,HASTINGS,3915,,-38.305028,145.193058,0,,,,,,,0,0,0,,,
4045458,,Street Litter,None,369,,,70,High Street - Outside Westpac Bank,HASTINGS,3915,,-38.30762,145.19028,0,,,,,,,0,0,0,,,
4045459,,Street Litter,None,370,,,32,High Street - Outside Hastings Seafood,HASTINGS,3915,,-38.30761,145.19247,0,,,,,,,0,0,0,,,
4045460,,Street Litter,None,371,,,16,High Street - Outside Westernport Hotel,HASTINGS,3915,,-38.30761,145.193099,0,,,,,,,0,0,0,,,
4045461,,Street Litter,None,372,,,125,High Street - Outside Centrelink,HASTINGS,3915,,-38.307809,145.1871,0,,,,,,,0,0,0,,,
4045462,,Street Litter,None,373,,,82,High Street - Outside Westernport Pizza,HASTINGS,3915,,-38.30762,145.189684,0,,,,,,,0,0,0,,,
4045464,,Street Litter,None,375,,,17,Thornhill Street - JA Babington Reserve,HASTINGS,3915,,-38.29656,145.190428,0,,,,,,,0,0,0,,,
4045465,,Street Litter,None,376,,,Opp. 38,Salmon Street - Warrangine Park Carpark,HASTINGS,3915,,-38.317244,145.194511,0,,,,,,,0,0,0,,,
4045466,,Street Litter,None,377,,,1,Cemetery Road - Tyabb Cemetery (2nd bin at far end),HASTINGS,3915,,-38.302715,145.214753,0,,,,,,,0,0,0,,,
4045467,,Street Litter,None,378,,,17,Marine Parade - Hastings Preschool,HASTINGS,3915,,-38.308045,145.194899,1,,,,,378,,0,1,0,,,
4045470,,Street Litter,None,381,,,16,Herring Street - Senior Citizens (G),HASTINGS,3915,,-38.30924,145.194462,0,,,,,,,0,0,0,,,
4045472,,Street Litter,None,383,,,3,High Street - Shire Office Rear car park,HASTINGS,3915,,-38.308363,145.19429,0,,,,,,,0,0,0,,,
4045473,,Street Litter,None,384,,,2,Taven Street - Cnr of High St,HASTINGS,3915,,-38.307588,145.180195,0,,,,,,,0,0,0,,,
4045474,,Street Litter,None,385,,,152,High Street - Outside Coles Express,HASTINGS,3915,,-38.30763,145.183124,0,,,,,,,0,0,0,,,
4045475,,Street Litter,None,386,,,34,Villawood Drive - Reserve & Leash Free Area,HASTINGS,3915,,-38.30381,145.179704,0,,,,,,,0,0,0,,,
4045476,,Street Litter,None,387,,,4,Wallaroo Place - Milkbar,HASTINGS,3915,,-38.298509,145.174271,0,,,,,,,0,0,0,,,
4045477,,Street Litter,None,388,,,3,Kimbla Court - Wallaroo Reserve,HASTINGS,3915,,-38.297055,145.17336,0,,,,,,,0,0,0,,,
4045478,,Street Litter,None,389,,,,Wallaroo Place - Bus Stop,HASTINGS,3915,,-38.299632,145.174453,0,,,,,,,0,0,0,,,
4045480,,Street Litter,None,391,,,6,Wallaroo Place - Westpark Preschool & Wallaroo MCHC(R),HASTINGS,3915,,-38.29818,145.174104,0,,,,,,,0,0,0,,,
4045481,,Street Litter,None,392,,,201,High Street - Westernport Athletics Track,HASTINGS,3915,,-38.309873,145.176569,0,,,,,,,0,0,0,,,
4045482,,Street Litter,None,393,,,431,Main Ridge Tennis Club Main Creek Road,MAIN RIDGE,3928,,-38.399397,144.969214,0,,,,,,,0,0,0,,,
4045483,,Street Litter,None,394,,,305,Baldrys Road - Main Ridge Equestrian Ground (G),MAIN RIDGE,3928,,-38.413225,144.954843,0,,,,,,,0,0,0,,,
4045484,,Street Litter,None,395,,,90,Merricks Beach Road - Merricks Beach,MERRICKS,3916,,-38.401137,145.100466,0,,,,,,,0,0,0,,,
4045485,,Street Litter,None,396,,,3450,Frankston-Flinders Road - Merricks Station Reserve,MERRICKS,3916,,-38.389857,145.088634,0,,,,,,,0,0,0,,,
4045487,,Street Litter,None,398,,,700,Derril Road - Moorooduc Rec Reserve,MOOROODUC,3933,,-38.255809,145.104297,0,,,,,,,0,0,0,,,
4045488,,Street Litter,None,399,,,49,Rosserdale Crescent - to Beach,MOUNT ELIZA,3930,,-38.174486,145.079003,0,,,,,,,0,0,0,,,
4045489,,Street Litter,None,400,,,2-4,Ranelagh Drive - John Butler Reserve,MOUNT ELIZA,3930,,-38.184988,145.087637,0,,,,,,,0,0,0,,,
4045490,,Street Litter,None,401,,,105,Wimborne - John Butler Reserve,MOUNT ELIZA,3930,,-38.187296,145.088333,0,,,,,,,0,0,0,,,
4045491,,Street Litter,None,402,,,12,Ranelagh Drive - Outside The Beauty Emporium,MOUNT ELIZA,3930,,-38.184508,145.087726,0,,,,,,,0,0,0,,,
4045492,,Street Litter,None,403,,,86,Mount Eliza Way - Outside AQUA Real Estate,MOUNT ELIZA,3930,,-38.183394,145.089369,0,,,,,,,0,0,0,,,
4045493,,Street Litter,None,404,,,28,Ranelagh Drive - Outside TAB,MOUNT ELIZA,3930,,-38.18411,145.08818,0,,,,,,,0,0,0,,,
4045494,,Street Litter,None,405,,,35,Ranelagh Drive - Outside Canadian Bay Hotel,MOUNT ELIZA,3930,,-38.183498,145.088512,0,,,,,,,0,0,0,,,
4045495,,Street Litter,None,406,,,35,Ranelagh Drive - In park opposite Canadian Bay Hotel,MOUNT ELIZA,3930,,-38.183498,145.088512,0,,,,,,,0,0,0,,,
4045496,,Street Litter,None,407,,,40,Ranelagh Drive - Outside FIKA Coffee & Chocolates,MOUNT ELIZA,3930,,-38.183995,145.088358,0,,,,,,,0,0,0,,,
4045497,,Street Litter,None,408,,,46,Ranelagh Drive - Outside Eliza Dry Cleaners,MOUNT ELIZA,3930,,-38.183849,145.088525,0,,,,,,,0,0,0,,,
4045498,,Street Litter,None,409,,,108-110,Mount Eliza Way - Outside Sheepstation Cafe,MOUNT ELIZA,3930,,-38.184878,145.089037,0,,,,,,,0,0,0,,,
4045499,,Street Litter,None,410,,11,87,Mount Eliza Way - Outside Mt Eliza Groom Room,MOUNT ELIZA,3930,,-38.184323,145.089304,0,,,,,,,0,0,0,,,
4045500,,Street Litter,None,411,,,3/87,Mount Eliza Way - Outside Haircuts at Mt Eliza,MOUNT ELIZA,3930,,-38.184323,145.089304,0,,,,,,,0,0,0,,,
4045501,,Street Litter,None,412,,,84,Mount Eliza Way - Outside Mt Eliza Central,MOUNT ELIZA,3930,,-38.183217,145.089582,0,,,,,,,0,0,0,,,
4045502,,Street Litter,None,413,,,65,Mount Eliza Way - Bus Stop opposite Post Office,MOUNT ELIZA,3930,,-38.183326,145.09021,0,,,,,,,0,0,0,,,
4045503,,Street Litter,None,414,,,65,Mount Eliza Way - Outside Post Office,MOUNT ELIZA,3930,,-38.183326,145.09021,0,,,,,,,0,0,0,,,
4045504,,Street Litter,None,415,,,72-74,Mount Eliza Way - Outside Euro Collection,MOUNT ELIZA,3930,,-38.182963,145.090069,0,,,,,,,0,0,0,,,
4045505,,Street Litter,None,416,,,36,Mount Eliza Way - Outside Shibu Hair,MOUNT ELIZA,3930,,-38.182553,145.090909,0,,,,,,,0,0,0,,,
4045506,,Street Litter,None,417,,,53,Mount Eliza Way - Outside Jimmy Lardner Laywers,MOUNT ELIZA,3930,,-38.182964,145.090943,0,,,,,,,0,0,0,,,
4045507,,Street Litter,None,418,,,45,Mount Eliza Way - Outside La Veneta,MOUNT ELIZA,3930,,-38.182864,145.091124,0,,,,,,,0,0,0,,,
4045508,,Street Litter,None,419,,,33,Archeron Avenue - Jessie White Reserve,MOUNT ELIZA,3930,,-38.189168,145.084803,0,,,,,,,0,0,0,,,
4045509,,Street Litter,None,420,,,33,Mount Eliza Way - Rotary Park,MOUNT ELIZA,3930,,-38.182575,145.091452,0,,,,,,,0,0,0,,,
4045510,,Street Litter,None,421,,,1,Kunyung Road - Mt Eliza Foreshore,MOUNT ELIZA,3930,,-38.1833,145.074162,0,,,,,,,0,0,0,,,
4045511,,Street Litter,None,422,,,19-20,Earimil Drive - Reserve,MOUNT ELIZA,3930,,-38.178846,145.076279,0,,,,,,,0,0,0,,,
4045512,,Street Litter,None,423,,,2,Sturio Parade - to Beach,MOUNT ELIZA,3930,,-38.186661,145.073267,0,,,,,,,0,0,0,,,
4045513,,Street Litter,None,424,,,100,Canadian Bay Road - Howard Parker Reserve,MOUNT ELIZA,3930,,-38.181622,145.087499,0,,,,,,,0,0,0,,,
4045514,,Street Litter,None,425,,,90-100,Canadian Bay Road - Tennis Club,MOUNT ELIZA,3930,,-38.182103,145.086083,0,,,,,,,0,0,0,,,
4045515,,Street Litter,None,426,,,12A,Colstan Court - Reserve,MOUNT ELIZA,3930,,-38.186405,145.093572,0,,,,,,,0,0,0,,241 - WEST THUR,
4045516,,Street Litter,None,427,,,4,Ranelagh Drive - Mount Eliza Preschool & MCHC,MOUNT ELIZA,3930,,-38.185667,145.087063,0,,,,,,,0,0,0,,,
4045517,,Street Litter,None,428,,,42,Barmah Street - Bruce Cameron Reserve,MOUNT ELIZA,3930,,-38.192139,145.082307,0,,,,,,,0,0,0,,,
4045520,,Street Litter,None,431,,,1444,Nepean Highway - Bus Stop,MOUNT ELIZA,3930,,-38.196234,145.088935,0,,,,,,,0,0,0,,,
4045521,,Street Litter,None,432,,,40A,Fulton Road - Lorikeet Reserve,MOUNT ELIZA,3930,,-38.186429,145.102399,0,,,,,,,0,0,0,,,
4045522,,Street Litter,None,433,,,47,Walkers Road - Preschool,MOUNT ELIZA,3930,,-38.188825,145.103394,0,,,,,,,0,0,0,,,
4045524,,Street Litter,None,435,,,106,Two Bays Road - Balcombe Park,MOUNT ELIZA,3930,,-38.206573,145.111897,0,,,,,,,0,0,0,,,
4045525,Opposite,Street Litter,None,436,,,61,Mountain View Road - Mt Eliza Park,MOUNT ELIZA,3930,,-38.204527,145.09703,0,,,,,,,0,0,0,,,
4045526,,Street Litter,None,437,,,70,Mountain View Road - Shops,MOUNT ELIZA,3930,,-38.204644,145.09914,0,,,,,,,0,0,0,,,
4045529,,Street Litter,None,440,,,261,Wooralla Drive - Emil Madsen Reserve - Jnr &Snr Ovals,MOUNT ELIZA,3930,,-38.217595,145.09741,0,,,,,,,0,0,0,,,
4045530,,Street Litter,None,441,,,15,Freemans Road - to Beach,MOUNT ELIZA,3930,,-38.165658,145.088175,0,,,,,,,0,0,0,,,
4045531,,Street Litter,None,442,,,33,Jacksons Road - Mt Eliza Centre,MOUNT ELIZA,3930,,-38.167463,145.087462,0,,,,,,,0,0,0,,,
4045532,,Street Litter,None,443,,,69,Williams Road - in Carpark,MOUNT ELIZA,3930,,-38.170151,145.08569,0,,,,,,,0,0,0,,,
4045533,,Street Litter,None,444,,,72,Glen Shian Lane - to Beach,MOUNT ELIZA,3930,,-38.171452,145.084098,0,,,,,,,0,0,0,,,
4045534,,Street Litter,None,445,,,1,Canadian Bay Road - Canadian Bay Park,MOUNT ELIZA,3930,,-38.17317,145.081166,0,,,,,,,0,0,0,,,
4045535,,Street Litter,None,446,,,33,Daveys Bay Road - to Foreshore,MOUNT ELIZA,3930,,-38.163812,145.090261,0,,,,,,,0,0,0,,,
4045536,,Street Litter,None,447,,,,Sunnyside Road - Beach Foreshore,MOUNT ELIZA,3930,,-38.200876,145.062441,0,,,,,,,0,0,0,,,
4045537,,Street Litter,None,448,,,35,Cobb Road - Reserve,MOUNT ELIZA,3930,,-38.209225,145.080078,0,,,,,,,0,0,0,,,
4045538,,Street Litter,None,449,,,1255,Nepean Highway - Bus Stop at Volitans,MOUNT ELIZA,3930,,-38.202796,145.078888,0,,,,,,,0,0,0,,,
4045539,,Street Litter,None,450,,,4,Stewart Street - Kunyung Store,MOUNT ELIZA,3930,,-38.200384,145.083199,0,,,,,,,0,0,0,,,
4045540,,Street Litter,None,451,,,1396,Nepean Highway - Bus Stop at Clinic,MOUNT ELIZA,3930,,-38.199815,145.083394,0,,,,,,,0,0,0,,,
4045541,,Street Litter,None,452,,,1309,Nepean Highway - Bus Stop at Kunyung,MOUNT ELIZA,3930,,-38.199018,145.084131,0,,,,,,,0,0,0,,,
4045542,,Street Litter,None,453,,,14,Point Leo Road - General Store,POINT LEO,3916,,-38.41632,145.075609,0,,,,,,,0,0,0,,"241 - WEST MON,241 - WEST TUE,241 - WEST WED,241 - WEST THUR,241 - WEST FRI,241 - WEST SAT,241 - WEST SUN",
4045543,,Street Litter,None,454,,,79,Arthurs Seat Road - Red Hill General Store,RED HILL,3937,,-38.373528,145.022971,0,,,,,,,0,0,0,,240 - NORTH WED,
4045544,,Street Litter,None,455,,,1008,Mornington-Flinders Road - Shop,RED HILL,3937,,-38.366404,144.99472,0,,,,,,,0,0,0,,240 - NORTH WED,
4045545,,Street Litter,None,456,,,184,Arthurs Seat Road - Red Hill Rec Reserve (G),RED HILL,3937,,-38.369724,145.012473,0,,,,,,,0,0,0,,,
4045546,,Street Litter,None,457,,,210,Arthurs Seat Road - Red Hill MCHC & Preschool (G),RED HILL,3937,,-38.369368,145.010605,0,,,,,,,0,0,0,,,
4045548,,Street Litter,None,459,,,137,Shoreham Road - At Pantry & Pharmacy,RED HILL SOUTH,3937,,-38.382349,145.023163,0,,,,,,,0,0,0,,240 - NORTH WED,
4045549,,Street Litter,None,460,,,159,Shoreham Road - Carpark at Endota Spa,RED HILL SOUTH,3937,,-38.380479,145.025198,0,,,,,,,0,0,0,,240 - NORTH WED,
4045550,,Street Litter,None,461,,,155,Shoreham Road - Bushland Reserve,RED HILL SOUTH,3937,,-38.381716,145.024096,0,,,,,,,0,0,0,,240 - NORTH WED,
4045551,,Street Litter,None,462,,,19-23,Mechanics Road - Community Hall,RED HILL,3937,,-38.376169,145.02768,0,,,,,,,0,0,0,,,
4045552,,Street Litter,None,463,,,21,Lexington Avenue - to Foreshore,SHOREHAM,3916,,-38.423473,145.061216,0,,,,,,,0,0,0,,,
4045553,,Street Litter,None,464,,FACILITY,67,Byrnes Road - Shoreham Hall,SHOREHAM,3916,,-38.427576,145.045528,0,,,,,,,0,0,0,,,
4045555,,Street Litter,None,466,,,99,Alexandra Avenue - Somers Yacht Club (street litter bins),SOMERS,3927,,-38.393786,145.157312,0,,,,,,,0,0,0,,,
4045556,,Street Litter,None,467,,,2,Garden Square - Reserve,SOMERS,3927,,-38.392436,145.161025,0,,,,,,,0,0,0,,,
4045557,,Street Litter,None,468,,,2,The Boulevard - General Store,SOMERS,3927,,-38.394251,145.162799,0,,,,,,,0,0,0,,,
4045558,,Street Litter,None,469,,,2,The Boulevard - Foreshore Reserve,SOMERS,3927,,-38.394548,145.162689,0,,,,,,,0,0,0,,,
4045559,,Street Litter,None,470,,,121,Miramar Avenue - Carpark to Beach,SOMERS,3927,,-38.396048,145.179901,0,,,,,,,0,0,0,,,
4045560,,Street Litter,None,471,,,1,South Sea Road - to Beach,SOMERS,3927,,-38.395848,145.176152,0,,,,,,,0,0,0,,,
4045561,Street Litter,Street Litter,None,472,,,68,Camp Hill Road - RW Stone Reserve leash free,SOMERS,3927,,-38.389889,145.161819,0,,,,,,,0,0,0,,,
4045562,,Street Litter,None,473,,FACILITY,68,Camp Hill Road - RW Stone Reserve,SOMERS,3927,,-38.389969,145.16435,0,,,,,,,0,0,0,,,
4045564,,Street Litter,None,475,,,1065,Frankston-Flinders Road - Real Estate,SOMERVILLE,3912,,-38.224221,145.176179,0,,,,,,,0,0,0,,,
4045565,,Street Litter,None,476,,,6/1065,Frankston-Flinders Road - Restaurant,SOMERVILLE,3912,,-38.224166,145.176132,0,,,,,,,0,0,0,,,
4045566,,Street Litter,None,477,,,9,Eramosa Road East - Bakery,SOMERVILLE,3912,,-38.223889,145.17684,0,,,,,,,0,0,0,,,
4045567,,Street Litter,None,478,,,15,Eramosa Road East - Commonwealth Bank,SOMERVILLE,3912,,-38.223889,145.17707,0,,,,,,,0,0,0,,,
4045568,,Street Litter,None,479,,,2,Eramosa Road East - IGA,SOMERVILLE,3912,,-38.22371,145.176406,0,,,,,,,0,0,0,,,
4045569,,Street Litter,None,480,,,1,Simcock Street - At Chrissys Kitchen,SOMERVILLE,3912,,-38.221409,145.176692,0,,,,,,,0,0,0,,,
4045570,,Street Litter,None,481,,,70,Grant Road - Reserve,SOMERVILLE,3912,,-38.21785,145.177178,0,,,,,,,0,0,0,,,
4045571,,Street Litter,None,482,,,4/6,Eramosa Road East - Shops,SOMERVILLE,3912,,-38.22371,145.176665,0,,,,,,,0,0,0,,,
4045572,,Street Litter,None,483,,,3/10,Eramosa Road East - Bank,SOMERVILLE,3912,,-38.22371,145.177094,0,,,,,,,0,0,0,,,
4045573,,Street Litter,None,484,,,1105,Frankston-Flinders Road - Bus Stop,SOMERVILLE,3912,,-38.225522,145.177445,0,,,,,,,0,0,0,,,
4045575,,Street Litter,None,486,,,25,Sullivan Drive - Barber Reserve,SOMERVILLE,3912,,-38.226592,145.184073,0,,,,,,,0,0,0,,,
4045577,,Street Litter,None,488,,,24a,Deanswood Drive - Reserve,SOMERVILLE,3912,,-38.233796,145.181504,0,,,,,,,0,0,0,,,
4045578,,Street Litter,None,489,,,36,Park Lane - Bus Stop,SOMERVILLE,3912,,-38.231342,145.174791,0,,,,,,,0,0,0,,,
4045579,,Street Litter,None,490,,,13,Austin Road - Stratford Close Reserve,SOMERVILLE,3912,,-38.234751,145.167761,0,,,,,,,0,0,0,,,
4045580,,Street Litter,None,491,,,21,Worwong Avenue - Somerville MCHC,SOMERVILLE,3912,,-38.230998,145.17067,0,,,,,,,0,0,0,,,
4045581,,Street Litter,None,492,,,21,Worwong Avenue - Blacks Camp Preschool,SOMERVILLE,3912,,-38.231549,145.170042,0,,,,,,,0,0,0,,,
4045582,,Street Litter,None,493,,,21,Worwong Avenue - Somerville Senior Citizens,SOMERVILLE,3912,,-38.231354,145.170777,0,,,,,,,0,0,0,,,
4045583,,Street Litter,None,494,,,21,Worong Avenue - Annie Sage Child Care Centre,SOMERVILLE,3912,,-38.230998,145.17067,0,,,,,,,0,0,0,,,
4045584,,Street Litter,None,495,,,68,Station Street - In Front of Mechanics Hall,SOMERVILLE,3912,,-38.225246,145.175207,0,,,,,,,0,0,0,,,
4045585,,Street Litter,None,496,,,80,Station Street - At hair salon,SOMERVILLE,3912,,-38.224759,145.175011,0,,,,,,,0,0,0,,,
4045586,,Street Litter,None,497,,,1080,Frankston-Flinders Road - Train Station Bus stop,SOMERVILLE,3912,,-38.224548,145.176125,0,,,,,,,0,0,0,,,
4045587,,Street Litter,None,498,,,,Jones & Clarinda - War Memorial,SOMERVILLE,3912,,-38.228107,145.175232,0,,,,,,,0,0,0,,,
4045588,,Street Litter,None,499,,,23,Graf Road - Bus Stop,SOMERVILLE,3912,,-38.225349,145.168511,0,,,,,,,0,0,0,,,
4045589,,Street Litter,None,500,,,32,Eramosa Road - Bus Stop,SOMERVILLE,3912,,-38.222896,145.170218,0,,,,,,,0,0,0,,,
4045590,,Street Litter,None,501,,,17,Eramosa Road West - Woolies Bus Stop,SOMERVILLE,3912,,-38.223441,145.172327,0,,,,,,,0,0,0,,,
4045591,,Street Litter,None,502,,,259,Jones Road - Somerville Rec Reserve,SOMERVILLE,3912,,-38.229383,145.174868,0,,,,,,,0,0,0,,,
4045592,,Street Litter,None,503,,,328,Jones Road - Fruit Growers Reserve (G),SOMERVILLE,3912,,-38.22523,145.173999,0,,,,,,,0,0,0,,,
4045593,,Street Litter,None,504,,,12,Clairmont Close - Playground,SOMERVILLE,3912,,-38.222118,145.167713,0,,,,,,,0,0,0,,,
4045594,,Street Litter,None,505,,,29,Pembroke Drive - Colchester Park,SOMERVILLE,3912,,-38.225501,145.16467,0,,,,,,,0,0,0,,,
4045596,,Street Litter,None,507,,,14,Edward Street - Skatepark - S/L (G),SOMERVILLE,3912,,-38.225834,145.175023,0,,,,,,,0,0,0,,,
4045597,,Street Litter,None,508,,Facility,14,Edward Street - Somerville Rec Centre (G),SOMERVILLE,3912,,-38.224776,145.172778,0,,,,,,,0,0,0,,,
4045598,,Street Litter,None,509,,Facility,66,Station Street - Mechanics Hall,SOMERVILLE,3912,,-38.225508,145.17478,0,,,,,,,0,0,0,,,
4045599,,Street Litter,None,510,,,111,Graydens Road - RM Hooper Reserve,TUERONG,3915,,-38.284749,145.13765,0,,,,,,,0,0,0,,,
4045600,,Street Litter,None,511,,,1545,Frankston-Flinders Road - Bakery,TYABB,3913,,-38.261744,145.190084,0,,,,,,,0,0,0,,,
4045601,,Street Litter,None,512,,,1539,Frankston-Flinders Road - Grocery Store,TYABB,3913,,-38.261566,145.190074,0,,,,,,,0,0,0,,,
4045603,,Street Litter,None,514,,,1554,Frankston-Flinders Road - Tyabb Takeaway,TYABB,3913,,-38.26074,145.189575,0,,,,,,,0,0,0,,,
4045604,,Street Litter,None,515,,,1527,Frankston-Flinders Road - Post Office,TYABB,3913,,-38.26058,145.189944,0,,,,,,,0,0,0,,,
4045605,,Street Litter,None,516,,,1580,Frankston-Flinders Road - Tyabb Central Reserve,TYABB,3913,,-38.261596,145.188911,0,,,,,,,0,0,0,,,
4045606,,Street Litter,None,517,,,58,Delepan Drive - Reserve,TYABB,3913,,-38.254613,145.184868,0,,,,,,,0,0,0,,,
4045607,,Street Litter,None,518,,,6,Bettina Street - Rotaract Park,TYABB,3913,,-38.256428,145.187331,0,,,,,,,0,0,0,,,
4045608,,Street Litter,None,519,,,4,Mornington-Tyabb Road - Bus Stop,TYABB,3913,,-38.261226,145.189034,0,,,,,,,0,0,0,,,
4045610,,Street Litter,None,521,,,1475,Frankston-Flinders Road - Tyabb Pre School,TYABB,3913,,-38.257048,145.190549,0,,,,,,,0,0,0,,,
4045612,,Street Litter,None,523,,,1580,Frankston-Flinders Road - Scouts Hall,TYABB,3913,,-38.263667,145.189521,0,,,,,,,0,0,0,,,
4045613,,Street Litter,None,524,,,,Esplanade - Mornington Pier Area Bins,MORNINGTON,3931,,-38.214182,145.033659,0,,,,,,,0,0,0,,240 - NORTH WED,
4045614,,Street Litter,None,525,,,,Stairs Opp Cook Street,MORNINGTON,3931,,-38.215095,145.038516,0,,,,,,,0,0,0,,,
4045615,,Street Litter,None,526,,,55,Main Street - At pedestrian crossing near crn Albert St,MORNINGTON,3931,,-38.218613,145.037799,0,,,,,,,0,0,0,,240 - NORTH WED,
4045616,,Street Litter,None,527,,,25A,Main Street - At pedestrian crossing near crn Queen St,MORNINGTON,3931,,-38.21773,145.037257,0,,,,,,,0,0,0,,240 - NORTH WED,
4045617,,Street Litter,None,528,,,19-21,Main Street - Bus Stop opp Ross St,MORNINGTON,3931,,-38.217163,145.03689,0,,,,,,,0,0,0,,240 - NORTH WED,
4045620,,Street Litter,None,531,,,728,Esplanade - Opposite 728 at lookout,MORNINGTON,3931,,-38.225757,145.030106,0,,,,,,,0,0,0,,,
4045621,,Street Litter,None,532,,,Opp 738,Esplanade - Linley Point North,MORNINGTON,3931,,-38.224161,145.031842,0,,,,,,,0,0,0,,,
4045622,,Street Litter,None,533,,,715,Esplanade - Fishersmans Beach Boat Ramp,MORNINGTON,3931,,-38.226896,145.027831,0,,,,,,,0,0,0,,,
4045623,,Street Litter,None,534,,,719,Esplanade - Fishermans Beach Car Park,MORNINGTON,3931,,-38.22638,145.029165,0,,,,,,,0,0,0,,,
4045624,,Street Litter,None,535,,,,Flinders Drive - Carpark at Lookout,MORNINGTON,3931,,-38.214583,145.032966,0,,,,,,,0,0,0,,240 - NORTH WED,
4045625,,Street Litter,None,536,,,630,Esplanade - Fossil Beach Car Park,MORNINGTON,3931,,-38.24127,145.029586,0,,,,,,,0,0,0,,,
4045626,,Street Litter,None,537,,,712,Esplanade - Linley Point South Look out,MORNINGTON,3931,,-38.227572,145.02712,0,,,,,,,0,0,0,,,
4045628,,Street Litter,None,539,,,20,Blake Street - Mornington Central,MORNINGTON,3931,,-38.218455,145.038725,0,,,,,,,0,0,0,,240 - NORTH WED,
4045629,,Street Litter,None,540,,,7,Flinders Drive - Mornington Park (G),MORNINGTON,3931,,-38.215928,145.034568,0,,,,,,,0,0,0,,240 - NORTH WED,
4045631,,Street Litter,None,542,,,,Waterloo Place - Mornington village at rear carpark entrance,MORNINGTON,3931,,-38.223301,145.040205,0,,,,,,,0,0,0,,240 - NORTH WED,
4045633,,Street Litter,None,544,,,774,Esplanade - Opposite Kirkpatricks Hotel,MORNINGTON,3931,,-38.217983,145.033373,0,,,,,,,0,0,0,,,
4045634,,Street Litter,None,545,,,100-102,Main Street - Outside ANZ Bank,MORNINGTON,3931,,-38.219384,145.038618,0,,,,,,,0,0,0,,240 - NORTH WED,
4045635,,Street Litter,None,546,,,198,Main Street - Outside AUSSIE Home Loans,MORNINGTON,3931,,-38.221848,145.040257,0,,,,,,,0,0,0,,240 - NORTH WED,
4045636,,Street Litter,None,547,,,172,Main Street - Outside Barry Plant Real Estate,MORNINGTON,3931,,-38.221323,145.039984,0,,,,,,,0,0,0,,240 - NORTH WED,
4045637,,Street Litter,None,548,,,118-120,Main Street - Outside Big Chair Living,MORNINGTON,3931,,-38.219875,145.038999,0,,,,,,,0,0,0,,240 - NORTH WED,
4045638,,Street Litter,None,549,,,76,Barkly Street - Outside chapter house books,MORNINGTON,3931,,-38.22062,145.039896,0,,,,,,,0,0,0,,240 - NORTH WED,
4045639,,Street Litter,None,550,,,143,Main Street - Outside Farrells Book Store,MORNINGTON,3931,,-38.221059,145.039577,0,,,,,,,0,0,0,,240 - NORTH WED,
4045640,,Street Litter,None,551,,,44,Main Street - Outside Fiona's of Mornington,MORNINGTON,3931,,-38.217826,145.037576,0,,,,,,,0,0,0,,,
4045641,,Street Litter,None,552,,,1A,Main Street - Outside Fish & Chip Shop,MORNINGTON,3931,,-38.216371,145.036388,0,,,,,,,0,0,0,,240 - NORTH WED,
4045642,,Street Litter,None,553,,,117,Main Street - Outside Gazman,MORNINGTON,3931,,-38.220328,145.039073,0,,,,,,,0,0,0,,240 - NORTH WED,
4045643,,Street Litter,None,554,,,187,Main Street - Outside GRAVITY Streetwear,MORNINGTON,3931,,-38.222063,145.040133,0,,,,,,,0,0,0,,240 - NORTH WED,
4045644,,Street Litter,None,555,,,2,Queen Street - Outside Library,MORNINGTON,3931,,-38.217578,145.036158,0,,,,,,,0,0,0,,240 - NORTH WED,
4045645,,Street Litter,None,556,,,95,Main Street - Outside Mornington Newsagency,MORNINGTON,3931,,-38.219679,145.038584,0,,,,,,,0,0,0,,240 - NORTH WED,
4045646,,Street Litter,None,557,,,241,Main Street - Outside Mornington Village Shopping Centre,MORNINGTON,3931,,-38.223206,145.040702,0,,,,,,,0,0,0,,240 - NORTH WED,
4045647,,Street Litter,None,558,,,45,Main Street - Outside Noodle Box,MORNINGTON,3931,,-38.218288,145.037596,0,,,,,,,0,0,0,,240 - NORTH WED,
4045648,,Street Litter,None,559,,,138,Main Street - Outside Optus,MORNINGTON,3931,,-38.220295,145.039309,0,,,,,,,0,0,0,,240 - NORTH WED,
4045649,,Street Litter,None,560,,,234,Main Street - Outside Papa G's Pizza,MORNINGTON,3931,,-38.222788,145.040744,0,,,,,,,0,0,0,,240 - NORTH WED,
4045650,,Street Litter,None,561,,,8,Main Street - Outside Police Station,MORNINGTON,3931,,-38.216252,145.036573,0,,,,,,,0,0,0,,240 - NORTH WED,
4045651,,Street Litter,None,562,,,65,Barkly Street - Outside Quirky Collective,MORNINGTON,3931,,-38.220637,145.040357,0,,,,,,,0,0,0,,"240 - NORTH THU,240 - NORTH WED",
4045652,,Street Litter,None,563,,,84,Main Street - Outside Spiral Moon,MORNINGTON,3931,,-38.218957,145.03829,0,,,,,,,0,0,0,,240 - NORTH WED,
4045653,,Street Litter,None,564,,,199,Main Street - Outside The Bloom Room,MORNINGTON,3931,,-38.221912,145.040294,0,,,,,,,0,0,0,,240 - NORTH WED,
4045654,,Street Litter,None,565,,2,53,Barkly Street - Outside The Old Cheesecake Shop,MORNINGTON,3931,,-38.221797,145.039104,0,,,,,,,0,0,0,,240 - NORTH WED,
4045655,,Street Litter,None,566,,,36,Octavia Street - Outside Toilet Block,MORNINGTON,3931,,-38.219376,145.037575,0,,,,,,,0,0,0,,240 - NORTH WED,
4045656,,Street Litter,None,567,,,69,Octavia Street - Outside Toilet Block,MORNINGTON,3931,,-38.22045,145.038434,0,,,,,,,0,0,0,,240 - NORTH WED,
4045657,,Street Litter,None,568,,,77,Main Street - Outside Yummo Ice Cream & Lolly Shop,MORNINGTON,3931,,-38.219206,145.038212,0,,,,,,,0,0,0,,240 - NORTH WED,
4045658,,Street Litter,None,569,,,,McLaren Place - Rear of Post Office,MORNINGTON,3931,,-38.219446,145.039252,0,,,,,,,0,0,0,,240 - NORTH WED,
4045659,,Street Litter,None,570,,,86,Wilsons Road - Shops,MORNINGTON,3931,,-38.230308,145.037732,0,,,,,,,0,0,0,,240 - NORTH WED,
4045661,,Street Litter,None,572,,,350,Dunns Road - Dog Park,MORNINGTON,3931,,-38.239048,145.050494,0,,,,,,,0,0,0,,,
4045662,,Street Litter,None,573,,,145,Bentons Road - Bentons Square playground (Behind Community Centre),MORNINGTON,3931,,-38.246854,145.048766,0,,,,,,,0,0,0,,,
4045663,,Street Litter,None,574,,,350,Dunns Road - Mornington Civic Reserve Bowls,MORNINGTON,3931,,-38.239007,145.052382,0,,,,,,,0,0,0,,,
4045665,,Street Litter,None,576,,,130,Watt Road - Animal Shelter,MORNINGTON,3931,,-38.234434,145.065145,0,,,,,,,0,0,0,,240 - NORTH WED,
4045666,,Street Litter,None,577,,,22,Mornington-Tyabb Road - Cafe,MORNINGTON,3931,,-38.23129,145.045837,0,,,,,,,0,0,0,,,
4045667,,Street Litter,None,578,,,1,Downward Street - Adelaide Res Preschool,MORNINGTON,3931,,-38.231108,145.034628,0,,,,,,,0,0,0,,,
4045669,,Street Litter,None,580,,,335,Main Street - Bus Stop near Surrey St,MORNINGTON,3931,,-38.228091,145.043798,0,,,,,,,0,0,0,,,
4045670,,Street Litter,None,581,,,53,Tallis Drive - Tallis Park,MORNINGTON,3931,,-38.216738,145.05691,0,,,,,,,0,0,0,,,
4045671,,Street Litter,None,582,,,,Nepean Highway - Eagle Street Bus Stop,MORNINGTON,3931,,-38.214789,145.063548,0,,,,,,,0,0,0,,,
4045672,,Street Litter,None,583,,,1048,Nepean Highway - Bus Stop,MORNINGTON,3931,,-38.223631,145.05283,0,,,,,,,0,0,0,,,
4045673,,Street Litter,None,584,,,,Nepean Highway - Tallis Dr Bus Stop,MORNINGTON,3931,,-38.220001,145.0568,0,,,,,,,0,0,0,,,
4045674,,Street Litter,None,585,,,1158,Nepean Highway - Bus Stop,MORNINGTON,3931,,-38.215615,145.063089,0,,,,,,,0,0,0,,,
4045675,,Street Litter,None,586,,,1100,Nepean Highway - Bus Stop at Bunnings,MORNINGTON,3931,,-38.219144,145.058559,0,,,,,,,0,0,0,,,
4045676,,Street Litter,None,587,,,891,Nepean Highway - Bus Stop at KFC,MORNINGTON,3931,,-38.228485,145.04582,0,,,,,,,0,0,0,,,
4045677,,Street Litter,None,588,,,966,Nepean Highway - Bus Stop at McDonalds,MORNINGTON,3931,,-38.230335,145.044108,0,,,,,,,0,0,0,,,
4045678,,Street Litter,None,589,,,55,Wilsons Road - CB Wilson Reserve (G),MORNINGTON,3931,,-38.226769,145.035154,0,,,,,,,0,0,0,,,
4045679,,Street Litter,None,590,,,275,Main Street - Alexandra Park (G),MORNINGTON,3931,,-38.224945,145.039612,0,,,,,,,0,0,0,,,
4045680,,Street Litter,None,591,,Facility,350,Mornington Civic Rec Centre,MORNINGTON,3931,,-38.23791,145.053256,0,,,,,,,0,0,0,,240 - NORTH WED,
4045681,,Street Litter,None,592,,,350,Dunns Road - Skate Park,MORNINGTON,3931,,-38.238508,145.049536,0,,,,,,,0,0,0,,,
4045682,,Street Litter,None,593,,,32,Hampden Street - Elise Dorrington Reserve,MORNINGTON,3931,,-38.225418,145.039006,0,,,,,,,0,0,0,,,
4045683,,Street Litter,None,594,,,63,Nunns Road - Reserve,MORNINGTON,3931,,-38.229703,145.02968,0,,,,,,,0,0,0,,,
4045684,,Street Litter,None,595,,,4,Mariners Retreat - Reserve,MORNINGTON,3931,,-38.232729,145.032798,0,,,,,,,0,0,0,,,
4045686,,Street Litter,None,597,,,320,Main Street - Mornington Community Support Centre (G),MORNINGTON,3931,,-38.22524,145.042252,0,,,,,,,0,0,0,,,
4045688,,Street Litter,None,599,,,62,Van Ness - Maxwell Street Reserve,MORNINGTON,3931,,-38.238452,145.043433,0,,,,,,,0,0,0,,,
4045689,,Street Litter,None,600,,,91,Wilsons Road - Mornington Youth & Community Centre,MORNINGTON,3931,,-38.231291,145.040001,0,,,,,,,0,0,0,,240 - NORTH WED,
4045690,,Street Litter,None,601,,,91,Wilsons Road - Peninsula Community Theatre,MORNINGTON,3931,,-38.23158,145.039285,0,,,,,,,0,0,0,,,
4045691,,Street Litter,None,602,,,63,Yuilles Road - Behind Patons Machinery,MORNINGTON,3931,,-38.229016,145.048751,0,,,,,,,0,0,0,,,
4045692,,Street Litter,None,603,,,136,Tanti Avenue - Bus Stop,MORNINGTON,3931,,-38.225335,145.047991,0,,,,,,,0,0,0,,,
4045693,,Street Litter,None,604,,,24,Hoylake Grove - AC Campbell Reserve Playground,MORNINGTON,3931,,-38.240118,145.031139,0,,,,,,,0,0,0,,,
4045694,,Street Litter,None,605,,,1,MacDonald Grove - Reserve,MORNINGTON,3931,,-38.224775,145.045099,0,,,,,,,0,0,0,,,
4045695,,Street Litter,None,606,,,10,Seperation Street - Reserve,MORNINGTON,3931,,-38.227768,145.040253,0,,,,,,,0,0,0,,,
4045696,,Street Litter,None,607,,,4,Kooyonga Grove - Walking Track,MORNINGTON,3931,,-38.242156,145.032607,0,,,,,,,0,0,0,,,
4045697,,Street Litter,None,608,,,47,Mitchell Street - Reserve Carpark,MORNINGTON,3931,,-38.233175,145.036888,0,,,,,,,0,0,0,,,
4045698,,Street Litter,None,609,,,47,Mitchell Street - Reserve Playground,MORNINGTON,3931,,-38.232749,145.036341,0,,,,,,,0,0,0,,,
4045699,,Street Litter,None,610,,,28,Parwan Crescent,MORNINGTON,3931,,-38.220714,145.066161,0,,,,,,,0,0,0,,,
4045700,,Street Litter,None,611,,,68-70,Herbert Street - SL Butler Reserve,MORNINGTON,3931,,-38.221221,145.048473,0,,,,,,,0,0,0,,,
4045701,,Street Litter,None,612,,,4,Lucerne Avenue - SL Butler Reserve,MORNINGTON,3931,,-38.220914,145.05018,0,,,,,,,0,0,0,,,
4045702,,Street Litter,None,613,,,32,Amelia Avenue - Beleura Hill Pre-School (G),MORNINGTON,3931,,-38.220844,145.053747,0,,,,,,,0,0,0,,,
4045703,,Street Litter,None,614,,,5-17,Currawong Street - Community Centre & Preschool,MORNINGTON,3931,,-38.224008,145.057201,0,,,,,,,0,0,0,,,
4045704,,Street Litter,None,615,,,85,Beleura Hill Road - Beleura Hill Road shops,MORNINGTON,3931,,-38.220436,145.052536,0,,,,,,,0,0,0,,240 - NORTH WED,
4045705,,Street Litter,None,616,,,258,Main Street - Bus Stop outside Mornington Medical Group/Bays Hospital,MORNINGTON,3931,,-38.223331,145.041108,0,,,,,,,0,0,0,,240 - NORTH WED,
4045706,,Street Litter,None,617,,,35A,Dava Drive - Shops + Bin on Hoylake Grove,MORNINGTON,3931,,-38.240431,145.032345,0,,,,,,,0,0,0,,240 - NORTH WED,
4045708,,Street Litter,None,619,,,20-30,Robertson Drive - Tanti Park Shops,MORNINGTON,3931,,-38.225252,145.055707,0,,,,,,,0,0,0,,240 - NORTH WED,
4045709,,Street Litter,None,620,,,34,Wandella Road - Milkbar,MORNINGTON,3931,,-38.242985,145.044765,0,,,,,,,0,0,0,,240 - NORTH WED,
4045710,,Street Litter,None,621,,,1,Downward Street - Dog Park,MORNINGTON,3931,,-38.23123,145.034558,0,,,,,,,0,0,0,,240 - NORTH WED,
4045712,,Street Litter,None,623,,,,Bentons Road - Bentons Square Community Centre & Pre School,MORNINGTON,3931,,-38.246482,145.048611,0,,,,,,,0,0,0,,240 - NORTH WED,
4045713,,Street Litter,None,624,,,18,Billabong Close - Billabong Close Walking track,MORNINGTON,3931,,-38.23977,145.051981,0,,,,,,,0,0,0,,240 - NORTH WED,
4045714,,Street Litter,None,625,,,145,Bentons Road - Bus Stop on Bentons Road,MORNINGTON,3931,,-38.246854,145.048766,0,,,,,,,0,0,0,,240 - NORTH WED,
4045715,,Street Litter,None,626,,,80,Summerfield Drive - Wetlands,MORNINGTON,3931,,-38.244838,145.069049,0,,,,,,,0,0,0,,240 - NORTH WED,
4045716,,Street Litter,None,627,,,22,Karina Street - Reserve,MORNINGTON,3931,,-38.243937,145.044728,0,,,,,,,0,0,0,,240 - NORTH WED,
4045717,,Street Litter,None,628,,,25,Empire Street - Memorial Park,MORNINGTON,3931,,-38.221373,145.036744,0,,,,,,,0,0,0,,240 - NORTH WED,
4045719,,Street Litter,None,630,,,34,Wandella Road - Milkbar,MORNINGTON,3931,,-38.242985,145.044765,0,,,,,,,0,0,0,,,
4045720,,Street Litter,None,631,,,20,Wensleydale Drive - Reserve,MORNINGTON,3931,,-38.243368,145.058873,0,,,,,,,0,0,0,,240 - NORTH WED,
4045721,,Street Litter,None,632,,,7,Flinders Drive - Mornington Park (R),MORNINGTON,3931,,-38.21672,145.034028,0,,,,,,,0,0,0,,,
4045722,,Street Litter,None,633,,,4,Lochiel Avenue - Outside Beachbox Fish & Chips,MOUNT MARTHA,3934,,-38.267863,145.012771,0,,,,,,,0,0,0,,240 - NORTH WED,
4045723,,Street Litter,None,634,,,4,Lochiel Avenue - Opposite Beachbox Fish & Chips @ seats,MOUNT MARTHA,3934,,-38.267889,145.012597,0,,,,,,,0,0,0,,240 - NORTH WED,
4045724,,Street Litter,None,635,,,14-16,Lochiel Avenue - Outside IGA,MOUNT MARTHA,3934,,-38.267597,145.012997,0,,,,,,,0,0,0,,240 - NORTH WED,
4045725,,Street Litter,None,636,,,30,Lochiel Avenue - Outside Walimont & Nut Real Estate,MOUNT MARTHA,3934,,-38.267237,145.013378,0,,,,,,,0,0,0,,240 - NORTH WED,
4045726,,Street Litter,None,637,,,42,Lochiel Avenue - Outside Volpino Pizzeria & Wine Bar,MOUNT MARTHA,3934,,-38.266896,145.013729,0,,,,,,,0,0,0,,240 - NORTH WED,
4045727,,Street Litter,None,638,,,1,Lochiel Avenue - Outside Hairdresser,MOUNT MARTHA,3934,,-38.268145,145.01292,0,,,,,,,0,0,0,,240 - NORTH WED,
4045728,,Street Litter,None,639,,,,Howey Road - At Rear of IGA - In car park/Toilet Block,MOUNT MARTHA,3934,,-38.26778,145.01383,0,,,,,,,0,0,0,,240 - NORTH WED,
4045729,,Street Litter,None,640,,,3,Howey Road - Outside Australia Post,MOUNT MARTHA,3934,,-38.268147,145.013333,0,,,,,,,0,0,0,,240 - NORTH WED,
4045730,,Street Litter,None,641,,,1A,Langrigg Avenue - Playground,MOUNT MARTHA,3934,,-38.267031,145.014365,0,,,,,,,0,0,0,,240 - NORTH WED,
4045731,,Street Litter,None,642,,,,Esplanade - Township Bus Stops,MOUNT MARTHA,3934,,-38.267388,145.012595,0,,,,,,,0,0,0,,240 - NORTH WED,
4045732,,Street Litter,None,643,,,465,Esplanade - Mount Martha Beach South opposite Kilburn Grove,MOUNT MARTHA,3934,,-38.269218,145.009717,0,,,,,,,0,0,0,,,
4045733,,Street Litter,None,644,,,540,Esplanade - Opposite 540 Esplanade,MOUNT MARTHA,3934,,-38.257886,145.023148,0,,,,,,,0,0,0,,,
4045734,,Street Litter,None,645,,,546,Esplanade - Opposite Helena St,MOUNT MARTHA,3934,,-38.256773,145.024318,0,,,,,,,0,0,0,,,
4045735,,Street Litter,None,646,,,560,Esplanade - Bus Stop Cnr Craigie Rd,MOUNT MARTHA,3934,,-38.253813,145.026089,0,,,,,,,0,0,0,,,
4045736,,Street Litter,None,647,,,,Esplanade - Bus Stop Opposite Shanns Ave,MOUNT MARTHA,3934,,-38.250231,145.02824,0,,,,,,,0,0,0,,,
4045737,,Street Litter,None,648,,,585,Esplanade - Birdrock Beach Carpark,MOUNT MARTHA,3934,,-38.24947,145.028519,0,,,,,,,0,0,0,,,
4045738,,Street Litter,None,649,,,573,Esplanade - Gravel Car Park Opposite Morrison Ave,MOUNT MARTHA,3934,,-38.251715,145.027432,0,,,,,,,0,0,0,,,
4045739,,Street Litter,None,650,,,466,Esplanade - Opposite Mt Martha Community House,MOUNT MARTHA,3934,,-38.268921,145.010843,0,,,,,,,0,0,0,,,
4045740,,Street Litter,None,651,,,459,Esplanade - Gravel Car Park Opposite 459 Esplanade,MOUNT MARTHA,3934,,-38.270231,145.008899,0,,,,,,,0,0,0,,,
4045741,,Street Litter,None,652,,,,Mace Oval - 18A Nepean Hwy,MOUNT MARTHA,3934,,-38.27019,145.03476,0,,,,,,,0,0,0,,,
4045742,,Street Litter,None,653,,,16,Mirang Avenue - Balcombe Estuary Reserve,MOUNT MARTHA,3934,,-38.265539,145.01548,0,,,,,,,0,0,0,,240 - NORTH WED,
4045743,,Street Litter,None,654,,,148,Esplanade - Mt Martha Life Saving Club,MOUNT MARTHA,3934,,-38.265708,145.014077,0,,,,,,,0,0,0,,240 - NORTH WED,
4045744,,Street Litter,None,655,,,137,Dunns Road - Dunns Road Reserve,MOUNT MARTHA,3934,,-38.252467,145.042201,0,,,,,,,0,0,0,,,
4045745,,Street Litter,None,656,,,275,Forest Drive - Mt Martha Public Golf Course (G),MOUNT MARTHA,3934,,-38.288276,145.023814,0,,,,,,,0,0,0,,,
4045746,,Street Litter,None,657,,,144,Bay Road - Balcombe Pre School,MOUNT MARTHA,3934,,-38.272301,145.028952,0,,,,,,,0,0,0,,,
4045748,,Street Litter,None,659,,,442,Nepean Highway - Dog park at Briars,MOUNT MARTHA,3934,,-38.274194,145.03344,0,,,,,,,0,0,0,,,
4045749,,Street Litter,None,660,,,466,Esplanade - Mt Martha Community Centre Cnr Dominion Road,MOUNT MARTHA,3934,,-38.269718,145.011232,0,,,,,,,0,0,0,,,
4045750,,Street Litter,None,661,,,147,Bentons Road - Crosswalk,MOUNT MARTHA,3934,,-38.247142,145.049135,0,,,,,,,0,0,0,,240 - NORTH WED,
4045751,,Street Litter,None,662,,,122,Racecourse Road - Bus Stop,MOUNT MARTHA,3934,,-38.258398,145.054396,0,,,,,,,0,0,0,,240 - NORTH WED,
4045752,,Street Litter,None,663,,,57,Marthas Ridge Drive - Craigie Road Reserve,MOUNT MARTHA,3931,,-38.257247,145.047151,0,,,,,,,0,0,0,,240 - NORTH WED,
4045753,,Street Litter,None,664,,,29,Harrap Road - to Dog Park,MORNINGTON,3931,,-38.251166,145.048091,0,,,,,,,0,0,0,,240 - NORTH WED,
4045754,,Street Litter,None,665,,,7,Century Drive - Reserve,MOUNT MARTHA,3934,,-38.254643,145.066034,0,,,,,,,0,0,0,,240 - NORTH WED,
4045755,,Street Litter,None,666,,,450,Nepean Highway - The Briars (BBQ area),MOUNT MARTHA,3934,,-38.268205,145.042684,0,,,,,,,0,0,0,,,
4045756,,Street Litter,None,667,,,450,Nepean Highway - The Briars (main carpark),MOUNT MARTHA,3934,,-38.268506,145.043056,0,,,,,,,0,0,0,,,
4045757,,Street Litter,None,668,,,450,Nepean Highway - The Briars (eco house),MOUNT MARTHA,3934,,-38.271874,145.041476,0,,,,,,,0,0,0,,,
4045758,,Street Litter,None,669,,,450,Nepean Highway - The Briars (cafe),MOUNT MARTHA,3934,,-38.268501,145.042599,0,,,,,,,0,0,0,,,
4045760,,Street Litter,None,671,,,35,Watson Road - Mt Martha Pre School & MCHC (G),MOUNT MARTHA,3934,,-38.267923,145.019052,0,,,,,,,0,0,0,,240 - NORTH WED,
4045761,,Street Litter,None,672,,,499,Nepean Highway - Cnr of Uralla Rd,MOUNT MARTHA,3934,,-38.264697,145.036879,0,,,,,,,0,0,0,,,
4045762,,Street Litter,None,673,,,109,Somerset Drive - Bus Stop,MOUNT MARTHA,3934,,-38.281367,145.020475,0,,,,,,,0,0,0,,,
4045763,,Street Litter,None,674,,,59-63,Walara Drive - Shops at Kinross St,MOUNT MARTHA,3934,,-38.276721,145.020304,0,,,,,,,0,0,0,,,
4045764,,Street Litter,None,675,,,48,Glenisla Drive - Eco Park Reserve,MOUNT MARTHA,3934,,-38.275971,145.013541,0,,,,,,,0,0,0,,,
4045765,,Street Litter,None,676,,,141,Osbourne Drive - Tolhurst Osbourne Reserve,MOUNT MARTHA,3934,,-38.250819,145.033567,0,,,,,,,0,0,0,,,
4045766,,Street Litter,None,677,,,88,Helena Street - Citation Reserve Pavillion,MOUNT MARTHA,3934,,-38.26245,145.033194,0,,,,,,,0,0,0,,,
4045768,,Street Litter,None,679,,,40,Craigie Road - Mornington Cemetery,MOUNT MARTHA,3934,,-38.255848,145.034366,0,,,,,,,0,0,0,,,
4045769,,Street Litter,None,680,,,37,Seppelt Avenue - Ferrero Reserve,MOUNT MARTHA,3934,,-38.265657,145.02456,0,,,,,,,0,0,0,,,
4045770,,Street Litter,None,681,,,275,Forest Drive - Mt Martha Golf Course Maintenance (opp. 210 Forest Drive),MOUNT MARTHA,3934,,-38.289186,145.018611,0,,,,,,,0,0,0,,,
4045771,,Street Litter,None,682,,,91,Park Road - Mt Martha Park,MOUNT MARTHA,3934,,-38.293225,145.008578,0,,,,,,,0,0,0,,,
4045772,,Street Litter,None,683,,,375,Esplanade - Car Park South of Hearn Road,MOUNT MARTHA,3934,,-38.281983,144.995536,0,,,,,,,0,0,0,,,
4045774,,Street Litter,None,685,,,1,Dusky Drive - Dusky Drive Reserve,SAFETY BEACH,3936,,-38.315431,144.996828,0,,,,,,,0,0,0,,,
4045775,,Street Litter,None,686,,,,Marine Drive - Tassels Dog Beach,SAFETY BEACH,3936,,-38.305987,144.994335,0,,,,,,,0,0,0,,240 - NORTH WED,
4045776,,Street Litter,None,687,,,42,Thurloo Drive - Reserve Playground,SAFETY BEACH,3936,,-38.306019,145.001329,0,,,,,,,0,0,0,,,
4045778,,Street Litter,None,689,,,208,Dromana Parade - Bus Stop,SAFETY BEACH,3936,,-38.312886,144.994304,0,,,,,,,0,0,0,,,
4045779,,Street Litter,None,690,,,Opp 1,Marine Drive - Carpark Opposite Service Station on foreshore near bathing boxes,SAFETY BEACH,3936,,-38.327682,144.974471,0,,,,,,,0,0,0,,,
4045780,,Street Litter,None,691,,,Opp 11,Marine Drive - Gravel Car Park opp 11,SAFETY BEACH,3936,,-38.326507,144.976405,0,,,,,,,0,0,0,,240 - NORTH WED,
4045781,,Street Litter,None,692,,,Opp 21,Marine Drive - Gravel Car Park opp 21,SAFETY BEACH,3936,,-38.325608,144.977867,0,,,,,,,0,0,0,,240 - NORTH WED,
4045782,,Street Litter,None,693,,,Opp 31,Marine Drive - Gravel Car Park opp 31,SAFETY BEACH,3936,,-38.324735,144.979255,0,,,,,,,0,0,0,,240 - NORTH WED,
4045783,,Street Litter,None,694,,,Opp 39,Marine Drive - Gravel Car Park opp 39,SAFETY BEACH,3936,,-38.323886,144.980512,0,,,,,,,0,0,0,,240 - NORTH WED,
4045784,,Street Litter,None,695,,,Opp 56,Marine Drive - Gravel Car Park opp 56,SAFETY BEACH,3936,,-38.32214,144.982783,0,,,,,,,0,0,0,,240 - NORTH WED,
4045785,,Street Litter,None,696,,,Opp 63,Marine Drive - Gravel Car Park opp 63,SAFETY BEACH,3936,,-38.321628,144.983735,0,,,,,,,0,0,0,,240 - NORTH WED,
4045786,,Street Litter,None,697,,,Opp 79,Marine Drive - Next to Toilet Block,SAFETY BEACH,3936,,-38.31982,144.985747,0,,,,,,,0,0,0,,240 - NORTH WED,
4045787,,Street Litter,None,698,,,Opp 83,Marine Drive - Gravel Car Park opp 83,SAFETY BEACH,3936,,-38.319479,144.986076,0,,,,,,,0,0,0,,240 - NORTH WED,
4045788,,Street Litter,None,699,,,Opp 90,Marine Drive - Opposite Robin Park Caravan Park,SAFETY BEACH,3936,,-38.318482,144.987106,0,,,,,,,0,0,0,,240 - NORTH WED,
4045789,,Street Litter,None,700,,,Opp 104,Marine Drive - Gravel Car Park opp 104,SAFETY BEACH,3936,,-38.317134,144.988408,0,,,,,,,0,0,0,,240 - NORTH WED,
4045790,,Street Litter,None,701,,,Opp 99,Marine Drive - Gravel Car Park opp 99,SAFETY BEACH,3936,,-38.316946,144.988581,0,,,,,,,0,0,0,,240 - NORTH WED,
4045791,,Street Litter,None,702,,,Opp 120,Marine Drive - Gravel Car Park opp 120,SAFETY BEACH,3936,,-38.315497,144.989872,0,,,,,,,0,0,0,,240 - NORTH WED,
4045792,,Street Litter,None,703,,,128,Marine Drive - Gravel Car Park opp 128,SAFETY BEACH,3936,,-38.314394,144.99079,0,,,,,,,0,0,0,,240 - NORTH WED,
4045793,,Street Litter,None,704,,,139 & 148,Marine Drive - Safety Beach Boat Ramp,SAFETY BEACH,3936,,-38.313045,144.991529,0,,,,,,,0,0,0,,240 - NORTH WED,
4045794,,Street Litter,None,705,,,34A,Marine Drive - Entrance to Safety Beach Boat Ramp/Opposite Chemist Warehouse,SAFETY BEACH,3936,,-38.311292,144.99278,0,,,,,,,0,0,0,,240 - NORTH WED,
4045795,,Street Litter,None,706,,,Opp 154,Marine Drive - at Toilet Block opp Victoria Street (R),SAFETY BEACH,3936,,-38.31128,144.992767,0,,,,,,,0,0,0,,,
4045797,,Street Litter,None,708,,,Opp 162,Marine Drive - Gravel Car Park opp 162,SAFETY BEACH,3936,,-38.310105,144.993257,0,,,,,,,0,0,0,,240 - NORTH WED,
4045799,,Street Litter,None,710,,,Opp 170,Marine Drive - Gravel Car Park opp 170,SAFETY BEACH,3936,,-38.309115,144.993609,0,,,,,,,0,0,0,,240 - NORTH WED,
4045800,,Street Litter,None,711,,,Opp 176,Marine Drive - Gravel Car Park opp 176,SAFETY BEACH,3936,,-38.308392,144.993863,0,,,,,,,0,0,0,,240 - NORTH WED,
4045801,,Street Litter,None,712,,,185,Marine Drive - Community Centre - Street Litter Bin,SAFETY BEACH,3936,,-38.308293,144.993898,0,,,,,,,0,0,0,,,
4045802,,Street Litter,None,713,,,185,Marine Drive - Community Centre - Facility Bins,SAFETY BEACH,3936,,-38.30759,144.994338,0,,,,,,,0,0,0,,,
4045804,,Street Litter,None,715,,,Opp 226,Marine Drive - Pebble Beach carpark,SAFETY BEACH,3936,,-38.300828,144.991312,0,,,,,,,0,0,0,,,
4045805,,Street Litter,None,716,,,1,Downward Street - Adelaide Res Preschool(R),MORNINGTON,3931,,-38.231052,145.034809,0,,,,,,,0,0,0,,,
4045806,,Street Litter,None,717,,,275,Main Street - Alexandra Park (R),MORNINGTON,3931,,-38.225025,145.039623,0,,,,,,,0,0,0,,,
4045807,,Street Litter,None,718,,,11,Alfred Street - Hastings Walk (R),HASTINGS,3915,,-38.308495,145.189471,0,,,,,,,0,0,0,,,
4045808,,Street Litter,None,719,,,431,Main Creek Road - AR & F Ditterich Reserve (R),MAIN RIDGE,3928,,-38.399792,144.969825,0,,,,,,,0,0,0,,,
4045809,,Street Litter,None,720,,,26,Barker Street - BA Cairns Reserve (R),FLINDERS,3929,,-38.470758,145.015313,0,,,,,,,0,0,0,,,
4045811,,Street Litter,None,722,,,3045,Frankston-Flinders Road - Hall (R),BALNARRING,3926,,-38.373969,145.125406,0,,,,,,,0,0,0,,,
4045812,,Street Litter,None,723,,,3045,Frankston-Flinders Road - MCHC (R),BALNARRING,3926,,-38.374195,145.125186,0,,,,,,,0,0,0,,,
4045814,,Street Litter,None,725,,,3045,Frankston-Flinders Road - Preschool (R),BALNARRING,3926,,-38.374685,145.125324,0,,,,,,,0,0,0,,,
4045815,,Street Litter,None,726,,,95,Balnarring Road - Balnarring Recreation Reserve,BALNARRING,3926,,-38.362855,145.116454,0,,,,,,,0,0,0,,,
4045816,,Street Litter,None,727,,,2-8,Civic Court - Skate Park,BALNARRING,3926,,-38.374871,145.125775,0,,,,,,,0,0,0,,,
4045817,,Street Litter,None,728,,,13,Railway Road - MCHC Baxter(R),BAXTER,3911,,-38.197049,145.156341,0,,,,,,,0,0,0,,,
4045818,,Street Litter,None,729,,,211,Baxter-Tooradin Road - Baxter Community Hall (R),BAXTER,3911,,-38.197348,145.170048,0,,,,,,,0,0,0,,,
4045820,,Street Litter,None,731,,,32,Amelia Avenue - Beleura Hill Pre-school(R),MORNINGTON,3931,,-38.220844,145.053747,0,,,,,,,0,0,0,,,
4045821,,Street Litter,None,732,,,145,Bentons Road - Bentons Square Community Centre & Pre School (R),MORNINGTON,3931,,-38.246458,145.048573,0,,,,,,,0,0,0,,,
4045822,,Street Litter,None,733,,,2426,Frankston-Flinders Road - Bittern Preschool & Hall(R),BITTERN,3918,,-38.336166,145.177899,0,,,,,,,0,0,0,,,
4045823,,Street Litter,None,734,,,619,Point Nepean Road - Bitumen Carpark,MCCRAE,3938,,-38.345736,144.933016,0,,,,,,,0,0,0,,,
4045824,,Street Litter,None,735,,,10,William Road - Hall & Senior Citizens Cntre (R),BLAIRGOWRIE,3924,,-38.363805,144.784199,0,,,,,,,0,0,0,,,
4045826,,Street Litter,None,737,,,570,Boneo Road - Boneo Recreation Reserve (R),BONEO,3939,,-38.411067,144.887435,0,,,,,,,0,0,0,,,
4045827,,Street Litter,None,738,,,1475,Frankston-Flinders Road - Bunguyan Reserve,TYABB,3913,,-38.257451,145.19388,0,,,,,,,0,0,0,,,
4045828,,Street Litter,None,739,,,35-55,Wilsons Road - CB Wilson Reserve,MORNINGTON,3931,,-38.226112,145.035004,0,,,,,,,0,0,0,,,
4045829,,Street Litter,None,740,,,88,Helena Street - Citation Reserve(R),MOUNT MARTHA,3934,,-38.262914,145.033932,0,,,,,,,0,0,0,,,
4045830,,Street Litter,None,741,,,,Frankston-Flinders Road - Reserve,BALNARRING,3926,,-38.374378,145.126144,0,,,,,,,0,0,0,,,
4045831,,Street Litter,None,742,,,350,Dunns Road - Tennis Club,MORNINGTON,3931,,-38.236732,145.053884,0,,,,,,,0,0,0,,,
4045832,,Street Litter,None,743,,,9-11,Albert Street - Community House,MORNINGTON,3931,,-38.21936,145.036564,0,,,,,,,0,0,0,,,
4045833,,Street Litter,None,744,,,1,Brasser Avenue - Council Yard,DROMANA,3936,,-38.332082,144.988422,0,,,,,,,0,0,0,,,
4045835,,Street Litter,None,746,,,64A,Governors Road - Crib Point Football Oval - Seniors,CRIB POINT,3919,,-38.360021,145.204407,0,,,,,,,0,0,0,,,
4045836,,Street Litter,None,747,,,5-17,Currawong Street - PreSchool,MORNINGTON,3931,,-38.224008,145.057201,0,,,,,,,0,0,0,,,
4045837,,Street Litter,None,748,,,5-17,Currawong Street - Community Centre (R),MORNINGTON,3931,,-38.224008,145.057201,0,,,,,,,0,0,0,,,
4045839,,Street Litter,None,962,,,Opp. 8,Padua Drive - Oakridge Reserve,MORNINGTON,3931,,-38.21969,145.068687,0,,,,,,,0,0,0,,,
4045840,,Street Litter,None,751,,,85,Mornington-Tyabb Road - Dallas Brooks Reserve,MORNINGTON,3931,,-38.233442,145.05412,0,,,,,,,0,0,0,,,
4045841,,Street Litter,None,752,,,860,Melbourne Road - David MacFarlane Res(R),SORRENTO,3943,,-38.336182,144.734898,0,,,,,,,0,0,0,,,
4045842,,Street Litter,None,753,,,2A,Verdon Street - Dromana Community Centre,DROMANA,3936,,-38.336553,144.958093,0,,,,,,,0,0,0,,,
4045844,,Street Litter,None,755,,,250,Point Nepean Highway - Dromana Pier,DROMANA,3936,,-38.332136,144.964895,0,,,,,,,0,0,0,,,
4045845,,Street Litter,None,756,,,65,Pier Street - Dromana Pre School,DROMANA,3936,,-38.336656,144.968897,0,,,,,,,0,0,0,,,
4045846,,Street Litter,None,757,,Facility,49,Pier Street - Dromana Recreation Reserve (R),DROMANA,3936,,-38.33432,144.967547,0,,,,,,,0,0,0,,,
4045847,,Street Litter,None,758,,,43,Pier Street - Senior Citizens Club,DROMANA,3936,,-38.334189,144.96687,0,,,,,,,0,0,0,,,
4045848,,Street Litter,None,759,,,359,Point Nepean Road - Info Centre (R),DROMANA,3936,,-38.337092,144.956156,0,,,,,,,0,0,0,,,
4045850,,Street Litter,None,761,,,261,Wooralla Drive - Emil Madsen Reserve (R),MOUNT ELIZA,3930,,-38.218172,145.095736,0,,,,,,,0,0,0,,,
4045853,,Street Litter,None,764,,,37,Seppelt Avenue - Ferrero Reserve(R),MOUNT MARTHA,3934,,-38.265598,145.024377,0,,,,,,,0,0,0,,,
4045854,,Street Litter,None,765,,,54-56,Cook Street - Civic Hall (R),FLINDERS,3929,,-38.473517,145.015942,0,,,,,,,0,0,0,,,
4045855,,Street Litter,None,766,,,62,Bass Street - Flinders Preschool & Playgroup(R),FLINDERS,3929,,-38.47473,145.014644,0,,,,,,,0,0,0,,,
4045856,,Street Litter,None,767,,,792,Esplanade - Back of Meals on wheels,MORNINGTON,3931,,-38.215848,145.037343,0,,,,,,,0,0,0,,,
4045857,,Street Litter,None,768,,,328,Jones Road - Fruit Growers Reserve (R),SOMERVILLE,3912,,-38.224732,145.172921,0,,,,,,,0,0,0,,,
4045858,,Street Litter,None,769,,,698,Point Nepean Road - George Kilburn Park,MCCRAE,3937,,-38.348434,144.927542,0,,,,,,,0,0,0,,,
4045859,,Street Litter,None,770,,,275,Forest Drive - Mt Martha Public Golf Course (R),MOUNT MARTHA,3934,,-38.288202,145.023929,0,,,,,,,0,0,0,,,
4045860,,Street Litter,None,771,,,101,Hendersons Road - Graham Myers Reserve (R),BITTERN,3918,,-38.33995,145.167571,0,,,,,,,0,0,0,,,
4045861,,Street Litter,None,772,,,1973,Frankston-Flinders Road - Community Hub (R),HASTINGS,3915,,-38.297033,145.184477,0,,,,,,,0,0,0,,,
4045863,,Street Litter,None,774,,,159,Marine Parade - Hastings Park,HASTINGS,3915,,-38.297078,145.187575,0,,,,,,,0,0,0,,,
4045865,,Street Litter,None,776,,,3,High Street - Public Hall (R),HASTINGS,3915,,-38.307809,145.194467,0,,,,,,,0,0,0,,,
4045867,,Street Litter,None,778,,,16,Herring Street - Senior Citizens Club(R),HASTINGS,3915,,-38.30924,145.194462,0,,,,,,,0,0,0,,,
4045868,,Street Litter,None,779,,,21,Marine Parade - Hastings Shire Offices,HASTINGS,3915,,-38.308568,145.195197,0,,,,,,,0,0,0,,,
4045870,,Street Litter,None,781,,,,High Street - Shops (R),HASTINGS,3915,,-38.30774,145.19212,0,,,,,,,0,0,0,,,
4045871,,Street Litter,None,782,,,100,Canadian Bay Road - Howard Parker Reserve (R),MOUNT ELIZA,3930,,-38.183397,145.087242,0,,,,,,,0,0,0,,,
4045872,,Street Litter,None,783,,,44-54,Barmah Street - Kunyung Preschool(R),MOUNT ELIZA,3930,,-38.192,145.082472,0,,,,,,,0,0,0,,,
4045873,,Street Litter,None,784,,,305,Baldrys Road - Main Ridge Equestrian Ground,MAIN RIDGE,3936,,-38.413418,144.953898,0,,,,,,,0,0,0,,,
4045876,,Street Litter,None,787,,,52-54,Spray Street - Meals on Wheels,ROSEBUD,3939,,-38.361207,144.904528,0,,,,,,,0,0,0,,,
4045877,,Street Litter,None,788,,,3450,Frankston-Flinders Road - Merricks Station Reserve (R),MERRICKS,3916,,-38.389437,145.088631,0,,,,,,,0,0,0,,,
4045878,,Street Litter,None,789,,,700,Derril Road - Moorooduc Rec Reserve (R),MOOROODUC,3933,,-38.25588,145.104522,1,,,,0,,,1,0,0,,,
4045880,,Street Litter,None,791,,,350,Dunns Road - Civic Reserve (R),MORNINGTON,3931,,-38.238188,145.049222,0,,,,,,,0,0,0,,,
4045881,,Street Litter,None,792,,,350,Dunns Road - Mornington Civic Res (Croquet),MORNINGTON,3931,,-38.239166,145.052805,0,,,,,,,0,0,0,,240 - NORTH WED,
4045883,,Street Litter,None,794,,,11,Flinders Drive - Senior Citizens,MORNINGTON,3931,,-38.216373,145.033824,0,,,,,,,0,0,0,,240 - NORTH WED,
4045884,,Street Litter,None,795,,,320,Main Street - Mornington Community Support Centre (R),MORNINGTON,3931,,-38.22524,145.042252,0,,,,,,,0,0,0,,,
4045887,Dance Pavillion,Street Litter,None,798,,,9,Flinders Drive,MORNINGTON,3931,,-38.216373,145.033824,0,,,,,,,0,0,0,,240 - NORTH WED,
4045888,,Street Litter,None,799,,,2/350,Dunns Road - Art Gallery,MORNINGTON,3931,,-38.237302,145.053278,0,,,,,,,0,0,0,,,
4045889,,Street Litter,None,800,,,2,Queen Street - Mornington Shire Offices,MORNINGTON,3931,,-38.217765,145.036509,0,,,,,,,0,0,0,,,
4045890,,Street Litter,None,801,,,,Main Street - Mornington Shops (R),MORNINGTON,3931,,-38.219042,145.038143,0,,,,,,,0,0,0,,,
4045891,,Street Litter,None,802,,,8,Albert Street - Toy Library,MORNINGTON,3931,,-38.21896,145.036724,0,,,,,,,0,0,0,,,
4045892,,Street Litter,None,803,,,,Schnapper point drive - Mothers Beach (R),MORNINGTON,3931,,-38.214568,145.033974,0,,,,,,,0,0,0,,,
4045893,,Street Litter,None,804,,,4,Ranelagh Drive - Preschool,MOUNT ELIZA,3930,,-38.185667,145.087063,0,,,,,,,0,0,0,,,
4045894,,Street Litter,None,805,,,90,Canadian Bay Road - Community Hall (R),MOUNT ELIZA,3930,,-38.181622,145.087499,0,,,,,,,0,0,0,,,
4045896,,Street Litter,None,807,,,1A,Canadian Bay Road - Mt Eliza Yacht Club,MOUNT ELIZA,3930,,-38.171879,145.081688,0,,,,,,,0,0,0,,,
4045899,,Street Litter,None,810,,,35,Watson Road - Mt Martha Pre School & MCHC(R),MOUNT MARTHA,3934,,-38.267923,145.019052,0,,,,,,,0,0,0,,,
4045900,,Street Litter,None,811,,,15,Narambi Road - Narambi Reserve,MORNINGTON,3931,,-38.227687,145.05733,0,,,,,,,0,0,0,,,
4045902,,Street Litter,None,813,,,193,Eastbourne Road - Olympic Oval (Football),ROSEBUD,3939,,-38.369558,144.894385,0,,,,,,,0,0,0,,,
4045903,,Street Litter,None,814,,,193,Eastbourne Road - Olympic Park (Soccer),ROSEBUD,3939,,-38.370831,144.894128,0,,,,,,,0,0,0,,,
4045906,,Street Litter,None,817,,,91,Wilsons Road - Peninsula Community Theatre,MORNINGTON,3931,,-38.231285,145.040084,0,,,,,,,0,0,0,,,
4045907,,Street Litter,None,818,,,,Ramler Mews - Percy Cerutty Reserve,PORTSEA,3944,,-38.324877,144.712402,0,,,,,,,0,0,0,,,
4045908,,Street Litter,None,819,,,3780,Point Nepean Road - Portsea Pier (R),PORTSEA,3944,,-38.319906,144.713354,0,,,,,,,0,0,0,,,
4045909,,Street Litter,None,820,,,35,Ramler Mews - Tennis Club,PORTSEA,3944,,-38.325538,144.712198,0,,,,,,,0,0,0,,,
4045911,,Street Litter,None,822,,,19-23,Mechanics Road - Red Hill Community Hall (R),RED HILL,3937,,-38.375967,145.02743,0,,,,,,,0,0,0,,,
4045912,,Street Litter,None,823,,,210,Arthurs Seat Road - Red Hill MCHC & Preschool (R),RED HILL,3937,,-38.370036,145.012123,0,,,,,,,0,0,0,,,
4045913,,Street Litter,None,824,,,184,Arthurs Seat Road - Red Hill Rec Reserve (R),RED HILL,3937,,-38.368138,145.011411,0,,,,,,,0,0,0,,,
4045914,,Street Litter,None,825,,,20-56,Melbourne Road - RJ Rowley Rec Reserve (R),RYE,3941,,-38.372706,144.811442,0,,,,,,,0,0,0,,,
4045915,,Street Litter,None,826,,,111,Graydens Road - RM Hooper Reserve (R),TUERONG,3915,,-38.285465,145.137044,0,,,,,,,0,0,0,,,
4045916,,Street Litter,None,827,,,994,Point Nepean Road (R) - Rosebud Community Hall,ROSEBUD,3939,,-38.35631,144.900508,0,,,,,,,0,0,0,,,
4045917,,Street Litter,None,828,,,2,Jetty Road - Rosebud Pier(R),ROSEBUD,3939,,-38.353271,144.908267,0,,,,,,,0,0,0,,,
4045918,,Street Litter,None,829,,,115,Ninth Avenue - Senior Citizens (R),ROSEBUD,3939,,-38.36121,144.904902,0,,,,,,,0,0,0,,,
4045919,,Street Litter,None,830,,,90,Besgrove Street - Council Office,ROSEBUD,3939,,-38.370598,144.891642,0,,,,,,,0,0,0,,,
4045920,,Street Litter,None,831,,,,Point Nepean Road - Rosebud shops,ROSEBUD,3939,,-38.355716,144.905064,0,,,,,,,0,0,0,,,
4045921,,Street Litter,None,832,,,,Point Nepean Road - Rosebud Skate Park Cnr Boneo Road,ROSEBUD,3939,,-38.359599,144.889447,0,,,,,,,0,0,0,,,
4045923,,Street Litter,None,834,,,68,Camp Hill Road - RW Stone Reserve (R),SOMERS,3927,,-38.390002,145.164265,0,,,,,,,0,0,0,,,
4045924,,Street Litter,None,835,,,27,Nelson Street - Community Centre (R),RYE,3941,,-38.371461,144.820662,0,,,,,,,0,0,0,,,
4045925,,Street Litter,None,836,,,12,Napier Street - Civic Hall & Senior Citizens (R),RYE,3941,,-38.371826,144.821716,0,,,,,,,0,0,0,,,
4045927,,Street Litter,None,838,,,2389,Point Nepean Road - Pier Carpark,RYE,3941,,-38.369806,144.822517,0,,,,,,,0,0,0,,,
4045928,,Street Litter,None,839,,,19-20,Nelson Street - Preschool & IWC (R),RYE,3941,,-38.371478,144.821173,0,,,,,,,0,0,0,,,
4045929,,Street Litter,None,840,,,2271-2385,Point Nepean Road - Rye Shops,RYE,3941,,-38.370968,144.82663,0,,,,,,,0,0,0,,,
4045930,,Street Litter,None,841,,,185,Marine Drive - Community Centre (R),SAFETY BEACH,3936,,-38.30759,144.994338,0,,,,,,,0,0,0,,,
4045932,,Street Litter,None,843,,,11A,Allambi Avenue - Seawinds Community Hub (R),CAPEL SOUND,3939,,-38.375323,144.885461,0,,,,,,,0,0,0,,,
4045935,,Street Litter,None,846,,FACILITY,67,Byrnes Road - Shoreham Hall (R),SHOREHAM,3916,,-38.427656,145.045024,0,,,,,,,0,0,0,,,
4045936,,Street Litter,None,847,,,,Ocean View Crescent - Somers Preschool,SOMERS,3927,,-38.392977,145.162246,0,,,,,,,0,0,0,,,
4045937,,Street Litter,None,848,,,1085,Frankston-Flinders Road - Somerville Library (R),SOMERVILLE,3912,,-38.224578,145.177176,0,,,,,,,0,0,0,,,
4045939,,Street Litter,None,850,,,37,Eramosa Road East - Preschool (R),SOMERVILLE,3912,,-38.22418,145.178735,0,,,,,,,0,0,0,,,
4045940,,Street Litter,None,851,,,14,Edward Street - Somerville Rec Centre & MCHC (R),SOMERVILLE,3912,,-38.224675,145.173081,0,,,,,,,0,0,0,,,
4045941,,Street Litter,None,852,,,259,Jones Road - Somerville Recreation Reserve,SOMERVILLE,3912,,-38.228885,145.174828,0,,,,,,,0,0,0,,,
4045943,,Street Litter,None,854,,,,Point Nepean Road - Sorrento Foreshore,SORRENTO,3943,,-38.338597,144.744668,0,,,,,,,0,0,0,,,
4045945,,Street Litter,None,856,,,20,Darling Road - PreSchool (R),SORRENTO,3943,,-38.341335,144.739005,0,,,,,,,0,0,0,,,
4045946,,Street Litter,None,857,,,21 - 159,Ocean Beach Road - Sorrento SHOPS (R),SORRENTO,3943,,-38.339363,144.740229,0,,,,,,,0,0,0,,,
4045947,,Street Litter,None,858,,,3399,Point Nepean Youth and Family centre,SORRENTO,3943,,-38.33849,144.737422,0,,,,,,,0,0,0,,,
4045948,,Street Litter,None,859,,,,Queens Road - Senior Citizen's,SORRENTO,3943,,-38.34166,144.736684,0,,,,,,,0,0,0,,,
4045950,,Street Litter,None,861,,,99,Bass Meadows Boulevard - Rec Hall & Preschool (R),ST ANDREWS BEACH,3941,,-38.422578,144.83733,0,,,,,,,0,0,0,,,
4045951,,Street Litter,None,862,,,87,Mount Eliza Way - Mt Eliza Shops,MOUNT ELIZA,3930,,-38.184626,145.089304,0,,,,,,,0,0,0,,,
4045952,,Street Litter,None,863,,,,Delepan Drive - Reserve (R),TYABB,3913,,0,0,0,,,,,,,0,0,0,,,
4045953,,Street Litter,None,864,,,,Point Nepean Road - Rye Pier (R),RYE,3941,,-38.369334,144.81799,0,,,,,,,0,0,0,,,
4045957,,Street Litter,None,868,,,450C,Nepean Highway - The Briars (R),MOUNT MARTHA,3934,,-38.268498,145.04233,0,,,,,,,0,0,0,,,
4045958,,Street Litter,None,869,,,,Esplanade - Car Park & Toilet Block (Opposite 506) Beach Side,MOUNT MARTHA,3934,,-38.263403,145.016473,1,,,,,0,,0,1,0,,,
4045959,,Street Litter,None,870,,,2834,Point Nepean Road - Toilet Block (R),BLAIRGOWRIE,3942,,-38.360911,144.780167,0,,,,,,,0,0,0,,,
4045960,,Street Litter,None,871,,,777,Point Nepean Road - Tom Salt Reserve,MCCRAE,3937,,-38.352198,144.916449,0,,,,,,,0,0,0,,,
4045961,,Street Litter,None,872,,,30,Barry Street - Tootgarook Memorial Hall(R),TOOTGAROOK,3941,,-38.370461,144.857879,0,,,,,,,0,0,0,,,
4045962,,Street Litter,None,873,,,22-24,Barry Street - Tootgarook Preschool & Maternal Health Centre(R),TOOTGAROOK,3941,,-38.370561,144.858587,0,,,,,,,0,0,0,,,
4045964,,Street Litter,None,875,,,113-135,Truemans Road - Truemans Road Reserve,TOOTGAROOK,3941,,-38.376435,144.86108,0,,,,,,,0,0,0,,,
4045968,,Street Litter,None,879,,,,Bunguyan Reserve - Tyabb Preschool,TYABB,3913,,0,0,0,,,,,,,0,0,0,,,
4045971,,Street Litter,None,882,,,47,Walkers Road - Preschool (R),MOUNT ELIZA,3930,,-38.188734,145.103416,0,,,,,,,0,0,0,,,
4045972,,Street Litter,None,883,,,325,Bayview Road - Waterfall Gully PreSchool & I.W.C.(R),ROSEBUD,3939,,-38.368624,144.914628,0,,,,,,,0,0,0,,,
4045973,,Street Litter,None,884,,,2,Tambar Place - Wallaroo PS & MCHC,HASTINGS,3915,,-38.298074,145.173987,0,,,,,,,0,0,0,,,
4045974,,Street Litter,None,885,,Facility,201,High Street - Westernport Athletics Track (R),HASTINGS,3915,,-38.309562,145.17643,0,,,,,,,0,0,0,,,
4045975,,Street Litter,None,886,,,2120,Point Nepean Road - Car park to beach,RYE,3941,,-38.370725,144.832383,0,,,,,,,0,0,0,,,
4176321,,Street Litter,None,889,,,1807,Point Nepean Road - Truemans Road Bus Stop (Beach Side),CAPEL SOUND,3940,,-38.366984,144.862399,0,,,,,,,0,0,0,,,
4176324,,Street Litter,None,891,,,Opp 3023,Camerons Bight Carpark,SORRENTO,3943,,-38.352735,144.762404,0,,,,,,,0,0,0,,,
4176325,,Street Litter,None,892,,,Opp 3095,Point Nepean Road - Carpark,SORRENTO,3943,,-38.34785,144.760481,0,,,,,,,0,0,0,,,
4176326,,Street Litter,None,893,,,Opp 3157,Point Nepean Road - Carpark,SORRENTO,3943,,-38.344764,144.755031,0,,,,,,,0,0,0,,,
4176327,,Street Litter,None,894,,,1587,Point Nepean Road - Chatfield Avenue Bus Stop,CAPEL SOUND,3940,,-38.363139,144.877968,0,,,,,,,0,0,0,,,
4176328,,Street Litter,None,895,,,1527,Point Nepean Road - Rosebud Hospital Bus Stop,CAPEL SOUND,3940,,-38.36141,144.884705,0,,,,,,,0,0,0,,,
4176330,,Street Litter,None,897,,,1355,Nepean Highway - Bus Stop,MOUNT ELIZA,3930,,-38.196264,145.088926,0,,,,,,,0,0,0,,,
4176331,,Street Litter,None,898,,,,Murrowong Avenue - Dog Park,ROSEBUD,3939,,-38.364953,144.892303,0,,,,,,,0,0,0,,,
4176332,,Street Litter,None,899,,,121,Ninth Avenue - Senior Citizens,ROSEBUD,3939,,-38.361379,144.904042,0,,,,,,,0,0,0,,,
4176333,,Street Litter,None,900,,,,Burdett Street - Quinns Park Dog Park,TOOTGAROOK,3941,,-38.369948,144.859275,0,,,,,,,0,0,0,,,
4176335,,Street Litter,None,903,,,,Point Nepean Road - Flinders Street Carpark,RYE,3941,,-38.365616,144.800814,0,,,,,,,0,0,0,,,
4176336,,Street Litter,None,904,,,Oppp. 2651,Point Nepean Road - Outdoor Gym,RYE,3941,,-38.36521,144.798829,0,,,,,,,0,0,0,,,
4176338,,Street Litter,None,906,,,Opp 2135,Point Nepean Road - Bus Stop,RYE,3941,,-38.370952,144.831548,0,,,,,,,0,0,0,,,
4176339,,Street Litter,None,907,,,Opp. 2111,Point Nepean Road - Carpark,RYE,3941,,-38.370834,144.832326,0,,,,,,,0,0,0,,,
4176340,,Street Litter,None,908,,,2100,Point Nepean Road - at Government Road on Trail,RYE,3941,,-38.370699,144.834677,0,,,,,,,0,0,0,,,
4176343,,Street Litter,None,909,,,T579 Opp Bartell Street,Point Nepean Road - Campsite 4,MCCRAE,3938,,-38.3489,144.926226,0,,,,,,,0,0,0,,242 - SOUTH MON,
4176346,,Street Litter,None,910,,,T576 & T577,Opp Wattle Road & Point Nepean Road - Campsite 5,MCCRAE,3938,,-38.350434,144.922417,0,,,,,,,0,0,0,,242 - SOUTH MON,
4176348,,Street Litter,None,911,,,Opp 827,Point Nepean Road - Opposite Bridgestone,ROSEBUD,3939,,-38.352905,144.912752,0,,,,,,,0,0,0,,242 - SOUTH MON,
4176349,,Street Litter,None,920,,,T431 & T432 OPP HYGEIA STREET,Point Nepean Road - Campsite 1-49 (T431/T432),RYE,3941,,-38.370733,144.827985,0,,,,,,,0,0,0,,,
4176350,,Street Litter,None,921,,,T119 Opp 2257,Point Nepean Road - Campsites 50-88 (T119),RYE,3941,,-38.37056,144.8264,0,,,,,,,0,0,0,,,
4176351,,Street Litter,None,912,,,Opp 777,Point Nepean Road - Tom Salt Memorial Park,ROSEBUD,3939,,-38.352073,144.91644,0,,,,,,,0,0,0,,242 - SOUTH MON,
4176352,,Street Litter,None,922,,,T115 OPP ELGAN AVENUE,Point Nepean Road - Campsites 89-133 (T115),RYE,3941,,-38.369126,144.815617,0,,,,,,,0,0,0,,,
4176353,,Street Litter,None,913,,,T562 OPP 1527,Point Nepean Road - Campsite 12,ROSEBUD,3939,,-38.360711,144.884866,0,,,,,,,0,0,0,,,
4176354,,Street Litter,None,923,,,T114 Opp 2511,Point Nepean Road - Campsites 134-173 (T114),RYE,3941,,-38.368623,144.813165,0,,,,,,,0,0,0,,,
4176355,,Street Litter,None,924,,,3154,Point Nepean Road - Picnic Area past yacht club,SORRENTO,3943,,-38.34494,144.756819,0,,,,,,,0,0,0,,242 - SOUTH MON,
4176356,,Street Litter,None,925,,,3176,Point Nepean Road - Opposite Erlandsen Ave,SORRENTO,3943,,-38.343781,144.752662,0,,,,,,,0,0,0,,,
4176359,,Street Litter,None,916,,,Opp. 1447,Point Nepean Road - Rotary Park,ROSEBUD,3939,,-38.359521,144.889461,0,,,,,,,0,0,0,,242 - SOUTH MON,
4176360,,Street Litter,None,917,,,T563 & T564 OPP 1485,Point Nepean Road - Campsite 11,ROSEBUD,3939,,-38.359768,144.886733,0,,,,,,,0,0,0,,242 - SOUTH MON,
4176361,,Street Litter,None,918,,,T560 & T561 OPP BRENDEL Street,Point Nepean Road - Campsite 13,CAPEL SOUND,3939,,-38.360879,144.883107,0,,,,,,,0,0,0,,,
4176363,,Street Litter,None,919,,,T559 OPP 1563,Point Nepean Road - Campsite 14,CAPEL SOUND,3939,,-38.362056,144.879867,0,,,,,,,0,0,0,,242 - SOUTH MON,
4221448,,Street Litter,None,931,,,16,Gaskin Avenue - Reserve,HASTINGS,3915,,-38.31507,145.191038,0,,,,,,,0,0,0,,"241 - WEST FRI,242 - SOUTH MON",
4920680,,Street Litter,None,928,,,12,Brydon Court - Reserve,HASTINGS,3915,,-38.303657,145.176087,0,,,,,,,0,0,0,,,
4920681,,Street Litter,None,927,,,9,Teal Court - Wallaroo Reserve,HASTINGS,3915,,-38.297777,145.174796,0,,,,,,,0,0,0,,"241 - WEST WED,242 - SOUTH MON",
4920769,,Street Litter,None,926,,Facility,15,Gibson Street - Dromana Community House,DROMANA,3936,,-38.333425,144.96698,0,,,,,,,0,0,0,,"242 - SOUTH MON,242 - SOUTH FRI",
4961340,,Street Litter,None,941,,,664,Esplanade - Track Opp Johns Road Bus Stop - Coral Cove,MORNINGTON,3931,,-38.234777,145.027505,0,,,,,,,0,0,0,,,
5138093,,Street Litter,None,932,,,871,Point Nepean Road - Opposite Rosebud Health in car park,ROSEBUD,3939,,-38.353908,144.911099,0,,,,,,,0,0,0,,242 - SOUTH MON,
5138096,,Street Litter,None,933,,,2113,Point Nepean Road - Sisco Pizza,RYE,3941,,-38.371225,144.831928,0,,,,,,,0,0,0,,242 - SOUTH MON,
5138097,,Street Litter,None,934,,,2293,Point Nepean Road - Ricks on Rye,RYE,3941,,-38.370878,144.825778,0,,,,,,,0,0,0,,242 - SOUTH MON,
5138098,,Street Litter,None,935,,,1889,Point Nepean Road - Hair Salon,TOOTGAROOK,3941,,-38.368425,144.856348,0,,,,,,,0,0,0,,,
5138099,,Street Litter,None,936,,,1455,Point Nepean Road - Corner Cafe,ROSEBUD,3939,,-38.360194,144.889318,0,,,,,,,0,0,0,,,
5138102,,Street Litter,None,938,,,1585,Point Nepean Road - Chinamans Creek Bus Stop,CAPEL SOUND,3940,,-38.363173,144.878155,0,,,,,,,0,0,0,,,
5138110,,Street Litter,None,939,,,2331,Point Nepean Road - Subway,RYE,3941,,-38.370645,144.824158,0,,,,,,,0,0,0,,,
5141387,,Street Litter,None,940,,,41,Samantha Drive - Narambi Station Reserve,MORNINGTON,3931,,-38.228915,145.059982,0,,,,,,,0,0,0,,"240 - NORTH MON,240 - NORTH WED",
5141397,,Street Litter,None,942,,,18,Penleigh Crescent - Greenlaw Reserve,MOUNT MARTHA,3934,,-38.275419,145.02427,0,,,,,,,0,0,0,,240 - NORTH THU,
5212995,,Street Litter,None,943,,,980,Point Nepean Road - Vinnies Soup Kitchen,ROSEBUD,3939,,-38.355797,144.901027,0,,,,,,,0,0,0,,242 - SOUTH MON,
5213149,,Street Litter,None,945,,,19,Robertson Drive - Bus Stops,MORNINGTON,3931,,-38.224841,145.055342,0,,,,,,,0,0,0,,,
5213233,,Street Litter,None,946,,,127,Harrap Road - to Dog Park,MORNINGTON,3931,,-38.253669,145.056529,0,,,,,,,0,0,0,,240 - NORTH WED,
5213238,,Street Litter,None,947,,,,Surf Life Saving club Mills Beach Esplanade,MORNINGTON,3931,,-38.213978,145.043881,0,,,,,,,0,0,0,,,
5213574,,Street Litter,None,948,,,10,Cook Street - Morell Reserve,MORNINGTON,3931,,-38.215786,145.039389,0,,,,,,,0,0,0,,,
5213577,,Street Litter,None,949,,,20,Bruce Street - Shops,MORNINGTON,3931,,-38.233678,145.059391,0,,,,,,,0,0,0,,,
5213584,,Street Litter,None,951,,,17,Gordon Street - Cnr of Barkly Street,MORNINGTON,3931,,-38.219995,145.041365,0,,,,,,,0,0,0,,,
5213802,,Street Litter,None,950,,,11,Marine Parade - Shed Eleven Youth Services,HASTINGS,3915,,-38.308726,145.195776,0,,,,,,,0,0,0,,,
5213833,,Street Litter,None,952,,,570,Boneo Road - Reserve (R),BONEO,3939,,-38.411471,144.884538,0,,,,,,,0,0,0,,,
5239522,,Street Litter,None,953,,8,89,Mount Eliza Way - Opposite Clarkestown Avenue in Canadian Bay Road,MOUNT ELIZA,3930,,-38.184323,145.089304,0,,,,,,,0,0,0,,,
5239523,,Street Litter,None,954,,,31,High Street - Outside Chinese Food,HASTINGS,3915,,-38.307789,145.192723,0,,,,,,,0,0,0,,,
5311898,,Street Litter,None,960,,,12,Strathmore Road - Balnarring Tennis Club,BALNARRING,3926,,-38.37798,145.12395,0,,,,,,,0,0,0,,241 - WEST THUR,
5316501,,Street Litter,None,957,,,917,Nepean Highway - Bus Stop at Hotel,MORNINGTON,3931,,-38.226627,145.04824,0,,,,,,,0,0,0,,,
5316632,,Street Litter,None,961,,,111,Craigie Road,MOUNT MARTHA,3934,,-38.256477,145.038147,0,,,,,,,0,0,0,,,
5316712,,Street Litter,None,1000,,,1247,Point Nepean Road - Anytime Fitness,ROSEBUD,3939,,-38.358532,144.895388,0,,,,,,,0,0,0,,,
5388449,,Street Litter,None,49,,10,143,Point Nepean Road - Outside Dromana Family Medical,DROMANA,3936,,-38.331699,144.968547,0,,,,,,,0,0,0,,,
5388470,,Street Litter,None,688,,,1,Dromana Parade - Bus Stop,SAFETY BEACH,3936,,-38.328019,144.977648,0,,,,,,,0,0,0,,,
5388543,,Street Litter,None,963,,,,Point Nepean Road - DROMANA Foreshore Campground,DROMANA,3936,,-38.339718,144.948592,0,,,,,,,0,0,0,,,
5389311,,Street Litter,None,1012,,,3053,Frankston-Flinders Road - Community Garden,BALNARRING,3926,,-38.37413,145.124752,0,,,,,,,0,0,0,,,
5396893,,Street Litter,None,1001,,,210,Baldrys Road - Baldrys Crossing Picnic Area,MAIN RIDGE,3928,,-38.420608,144.960586,0,,,,,,,0,0,0,,,
5396919,,Street Litter,None,1002,,,3,Hurley Street - behind RSL,SORRENTO,3943,,-38.338148,144.738506,0,,,,,,,0,0,0,,,
5396923,,Street Litter,None,1003,,,2431,Frankston-Flinders Road - At Train Station BBQ area,BITTERN,3918,,-38.336967,145.177992,0,,,,,,,0,0,0,,,
5397663,,Street Litter,None,1021,,,47,Balnarring Road - Brooksby Square,BALNARRING,3936,,-38.370329,145.123834,0,,,,,,,0,0,0,,,
5397666,,Street Litter,None,1005,,,2,Skinner Street - Warringine Park Trail - Near Helipad,HASTINGS,3918,,-38.314399,145.194844,0,,,,,,,0,0,0,,,
5397791,,Street Litter,None,1006,,,21,Maine Street - Romney Park,TOOTGAROOK,3941,,-38.371271,144.847127,0,,,,,,,0,0,0,,,
5397829,,Street Litter,None,1008,,,114,Clarendon Drive - Reserve,SOMERVILLE,3912,,-38.232134,145.159578,0,,,,,,,0,0,0,,,
5398022,,Street Litter,None,1009,,,3646,Point Nepean Road - Shelley Beach,PORTSEA,3944,,-38.321734,144.724542,0,,,,,,,0,0,0,,,
5541187,,Street Litter,None,1010,,,2A,Lindenderry Circuit - Playground,MORNINGTON,3931,,-38.224632,145.073412,0,,,,,,,0,0,0,,,
5541273,,Street Litter,None,959,,,170,Craigie Road - Reserve,MOUNT MARTHA,3934,,-38.258561,145.047214,0,,,,,,,0,0,0,,240 - NORTH WED,
5541304,,Street Litter,None,1011,,,3068,Point Nepean Road - Collins Settlement,SORRENTO,3943,,-38.349673,144.76199,0,,,,,,,0,0,0,,,
5542661,,Street Litter,None,1020,,,380,Esplanade - Martha Point Carpark (North of Hearn Rd),MOUNT MARTHA,3934,,-38.280641,144.996752,0,,,,,,,0,0,0,,,
5543663,,Street Litter,None,1022,,,36,Park Lane - Tennis Club carpark,SOMERVILLE,3912,,-38.231176,145.175961,0,,,,,,,0,0,0,,,
5543686,,Street Litter,None,1032,,,,Sorrento Boat Ramp Carpark & Jetty,SORRENTO,3912,,-38.333693,144.741569,0,,,,,,,0,0,0,,,
5544198,,Street Litter,None,1997,,,Opp. 614,Esplanade (Refuge Island sign down track Opposite Dava Hotel),MOUNT MARTHA,3934,,-38.244445,145.029601,0,,,,,,,0,0,0,,240 - NORTH WED,
5544566,,Street Litter,None,1013,,,441,Main Creek Road - AR & F Ditterich Community Hall,MAIN RIDGE,3928,,-38.399704,144.970458,0,,,,,,,0,0,0,,,
5544596,,Street Litter,None,1014,,Facility,1535,Frankston-Flinders Road - Tyabb Hall,TYABB,3913,,-38.261029,145.189896,0,,,,,,,0,0,0,,,
5544638,,Street Litter,None,1023,,,206,Mount Eliza Way - Bus Stop,MOUNT ELIZA,3930,,-38.193797,145.090589,0,,,,,,,0,0,0,,,
5544792,,Street Litter,None,1025,,,182,Stony Point Road - At Shops,CRIB POINT,3919,,-38.365363,145.204731,0,,,,,,,0,0,0,,,
5548813,,Street Litter,None,1024,,,5,Tara Drive - Reserve,HASTINGS,3915,,-38.306359,145.171325,0,,,,,,,0,0,0,,,
5548814,,Street Litter,None,1026,,,19,Pauls Lane - Playground,HASTINGS,3915,,-38.297321,145.178387,0,,,,,,,0,0,0,,,
5635184,,Street Litter,None,1015,,,9,Cain Street - Bus Stop Pathway,CAPEL SOUND,3940,,-38.369805,144.887669,0,,,,,,,0,0,0,,,
5635192,,Street Litter,None,777,,,873,Nepean Highway - Apex Park,MORNINGTON,3931,,-38.229548,145.044188,0,,,,,,,0,0,0,,,
5635237,,Street Litter,None,1016,,,14,Esplanade - far end of Pier Carpark,SORRENTO,3943,,-38.335922,144.743612,0,,,,,,,0,0,0,,,
5635246,,Street Litter,None,1027,,,8,Caraar Creek Lane - Beleura Cliff Path,MORNINGTON,3931,,-38.206969,145.054677,0,,,,,,,0,0,0,,,
5635329,,Street Litter,None,1999,,,68,Station Street - Rear of Mechanics Hall,SOMERVILLE,3912,,-38.225477,145.174724,0,,,,,,,0,0,0,,,
5635461,,Street Litter,None,1028,,,9,Newington Avenue - Tuck Shop,ROSEBUD,3940,,-38.381148,144.885986,0,,,,,,,0,0,0,,,
5713828,,Street Litter,None,1029,,,Opp 1557,Point Nepean Road - Chinamans Creek carpark,CAPEL SOUND,3939,,-38.360992,144.881154,0,,,,,,,0,0,0,,,
5714257,,Street Litter,None,888,,,24,Victoria Street - Outside Tattooist/Beauty Shop,HASTINGS,3915,,-38.308031,145.190399,0,,,,,,,0,0,0,,,
5714325,,Street Litter,None,1031,,,2a,Verdon Street - Dromana Pottery Club,DROMANA,3936,,-38.336482,144.958104,0,,,,,,,0,0,0,,,
5714327,,Street Litter,None,1030,,,7A,Mount Arthur Avenue - Coral Close Reserve Playground,ROSEBUD,3939,,-38.37893,144.920501,0,,,,,,,0,0,0,,,
5714381,444,Street Litter,None,1998,,,1085,Frankston-Flinders Road - S/L outside Library,SOMERVILLE,3912,,-38.22481,145.176751,0,,,,,,,0,0,0,,,
5714535,,Street Litter,None,1035,,,Opp. 177,Point Nepean Road - Picnic Area,DROMANA,3936,,-38.331525,144.966576,0,,,,,,,0,0,0,,,
5715395,,Street Litter,None,1036,,,450A,Moorooduc Highway - Mt Eliza Park,MOUNT ELIZA,3930,,-38.211111,145.108996,0,,,,,,,0,0,0,,,
5715509,,Street Litter,None,1037,,,2966,Frankston-Flinders Road - at Station Street,BALNARRING,3936,,-38.371218,145.130492,0,,,,,,,0,0,0,,,
5723751,,Street Litter,None,1038,,,100,Besgrove Street - Yawa Aquatic Centre,ROSEBUD,3939,,-38.371041,144.89053,0,,,,,,,0,0,0,,,
5723777,,Street Litter,None,1039,,,19,Century Drive - Reserve,MOUNT MARTHA,3934,,-38.258814,145.064016,0,,,,,,,0,0,0,,240 - NORTH WED,
5738901,,Street Litter,None,1040,,,Opp. 1283,Point Nepean Road - Camp Kitchen,ROSEBUD,3939,,-38.358083,144.893787,0,,,,,,,0,0,0,,,
5739332,,Street Litter,None,1041,,,132,High Street - Gravel Road at Train Station,HASTINGS,3915,,-38.306585,145.186192,0,,,,,,,0,0,0,,,
5740924,,Street Litter,None,1044,,,35,McDowell Street - Rosebud Library,ROSEBUD,3939,,-38.357281,144.904935,0,,,,,,,0,0,0,,,
5892662,,Street Litter,None,1033,,,2537,Point Nepean Road - Lime Kiln,RYE,3940,,-38.368196,144.811738,0,,,,,,,0,0,0,,,
5964860,,Street Litter,None,1034,,,Opp. 2943,Point Nepean Road - Boat Ramp carpark,BLAIRGOWRIE,3942,,-38.357328,144.768381,0,,,,,,,0,0,0,,,
5973930,,Street Litter,None,1909,,,905,Point Nepean Road - Outside Georges Seafood,ROSEBUD,3939,,-38.354553,144.909796,0,,,,,,,0,0,0,,,
5973964,,Street Litter,None,1043,,,35,Parwan Crescent - Oakridge Reserve,MORNINGTON,3931,,-38.219519,145.067585,0,,,,,,,0,0,0,,,
5973965,,Street Litter,None,1045,,,64,Padua Drive - Oakridge Reserve,MORNINGTON,3931,,-38.218793,145.067303,0,,,,,,,0,0,0,,,
5973966,,Street Litter,None,1046,,,21,Exford Drive - Oakridge Reserve,MORNINGTON,3931,,-38.220366,145.067348,0,,,,,,,0,0,0,,,
6141899,,Street Litter,None,976,,,1091-1093,Point Nepean Road - Bus Stop outside Toyworld,ROSEBUD,3939,,-38.356069,144.903156,0,,,,,,,0,0,0,,,
6142142,,Street Litter,None,790,,,996,Point Nepean Road - Bus Stop opp Subway,ROSEBUD,3939,,-38.356953,144.899136,0,,,,,,,0,0,0,,,
6150362,,Street Litter,None,1105,,,T566 Opp 1359,Point Nepean Road - Campsite 10,ROSEBUD,3939,,-38.358596,144.892978,0,,,,,,,0,0,0,,,
6150369,,Street Litter,None,1106,,,Opp 1263,Point Nepean Road - Campsite 10,ROSEBUD,3939,,-38.357979,144.894596,0,,,,,,,0,0,0,,,
6150375,,Street Litter,None,1107,,,T568 & T569 Opp 1235,Point Nepean Road - Campsite 8,ROSEBUD,3939,,-38.357126,144.89722,0,,,,,,,0,0,0,,,
6150445,,Street Litter,None,1108,,,T572 & T573 Opp 779,Point Nepean Road - Campsite 7,ROSEBUD,3939,,-38.352363,144.914973,0,,,,,,,0,0,0,,,
6150448,,Street Litter,None,1109,,,T574 & T575 Opp 765,Point Nepean Road - Campsite 6,ROSEBUD,3939,,-38.35165,144.91773,0,,,,,,,0,0,0,,,
6150460,,Street Litter,None,1111,,,T578 Opp 711,Point Nepean Road - Campsite 4,MCCRAE,3938,,-38.349057,144.925805,0,,,,,,,0,0,0,,,
6151308,,Street Litter,None,1042,,,,Anthonys Nose Car Park,MCCRAE,3936,,-38.343648,144.938521,0,,,,,,,0,0,0,,,
6198530,,Street Litter,None,1047,,,786,Esplanade - Ice Cream shop,MORNINGTON,3931,,-38.216461,145.035628,0,,,,,,,0,0,0,,240 - NORTH WED,
6272495,,Street Litter,None,1050,,,1,"Pitt Street - Community Garden. End of Court, left down path",MORNINGTON,3931,,-38.232036,145.035264,0,,,,,,,0,0,0,,,
6272845,,Street Litter,None,1051,,,2071,Point Nepean Road - Carpark Opp. Shirlow Ave,RYE,3941,,-38.370726,144.837241,0,,,,,,,0,0,0,,,
6335633,,Street Litter,None,1052,,,293,Stony Point Road - Bus Stop,CRIB POINT,3919,,-38.356858,145.195999,0,,,,,,,0,0,0,,,
6343790,,Street Litter,None,1055,,,2/350,Dunns Road - Botanical Garden,MORNINGTON,3931,,-38.236769,145.051956,0,,,,,,,0,0,0,,,
6351602,,Street Litter,None,1053,,,234,Stony Point Road - AW Peterson Reserve at Playground,CRIB POINT,3919,,-38.364921,145.202965,0,,,,,,,0,0,0,,,
6352195,,Street Litter,None,1054,,,1078,Nepean Highway - Beleura Park,MORNINGTON,3931,,-38.221369,145.054915,0,,,,,,,0,0,0,,,
6366905,,Street Litter,None,1056,,,2507-2509,Point Nepean Road - White Cliffs Store,RYE,3941,,-38.369227,144.814348,0,,,,,,,0,0,0,,,
6453881,,Street Litter,None,1057,,,890,Point Nepean Road - Bus Stop,ROSEBUD,3939,,-38.354871,144.90667,0,,,,,,,0,0,0,,,
6453882,,Street Litter,None,1058,,,834,Point Nepean Road - Reserve,ROSEBUD,3939,,-38.352757,144.912772,0,,,,,,,0,0,0,,,
6480992,,Street Litter,None,1059,,,362,Main Street - Dr Somers Memorial Park,MORNINGTON,3931,,-38.228916,145.044917,0,,,,,,,0,0,0,,,
6501554,,Street Litter,None,797,,,58,Inala Street - French Street Reserve,RYE,3941,,-38.385701,144.805338,0,,,,,,,0,0,0,,242 - SOUTH FRI,
6516122,,Street Litter,None,806,,,49,Eramosa Road WEST - Bus Stop,SOMERVILLE,3912,,-38.223097,145.169731,0,,,,,,,0,0,0,,241 - WEST FRI,
6554479,,Street Litter,None,1231,,,,Leonard Street - Car Park,TOOTGAROOK,3941,,-38.370383,144.841315,0,,,,,,,0,0,0,,,
6554481,,Street Litter,None,1232,,,12,Edward Street (New skate park),SOMERVILLE,3912,,-38.224814,145.173217,0,,,,,,,0,0,0,,,
6570114,,Street Litter,None,1060,,,350,Dunns Road - Rose Garden,MORNINGTON,3931,,-38.236503,145.051991,0,,,,,,,0,0,0,,,
6647488,,Street Litter,None,1061,,,2099,Frankston-Flinders Road - Bus Stop,HASTINGS,3915,,-38.309039,145.183792,0,,,,,,,0,0,0,,,
6944670,,Street Litter,None,1064,,,T34 & T39 Opp. Erlandsen,"Point Nepean Road - Campsites 249-340 (T32, T39)",SORRENTO,3943,,-38.343607,144.751679,0,,,,,,,0,0,0,,,
6944683,,Street Litter,None,1065,,,T34 Next to Yacht Club,Point Nepean Road - Campsites 200-248 (T34),SORRENTO,3943,,-38.344866,144.754393,0,,,,,,,0,0,0,,,
6944872,,Street Litter,None,1066,,,0,The Esplanade - Lookout Carpark,FLINDERS,3929,,-38.474919,145.023735,0,,,,,,,0,0,0,,,
6945376,,Street Litter,None,1067,,,Opp. 651,Point Nepean Road - Beach Carpark,MCCRAE,3938,,-38.347516,144.93027,0,,,,,,,0,0,0,,,
6960151,,Street Litter,None,1068,,,88,Helena Street - Citation Reserve Bike Jumps through gate,MOUNT MARTHA,3934,,-38.262766,145.032052,0,,,,,,,0,0,0,,,
6985734,Opposite,Street Litter,None,1069,,,194,Bentons Road - Bus Stop,MORNINGTON,3931,,-38.249103,145.05741,0,,,,,,,0,0,0,,240 - NORTH WED,
6988770,,Street Litter,None,1070,,,3236,Point Nepean Road - Beach Entrance Carpark,SORRENTO,3943,,-38.341261,144.747099,0,,,,,,,0,0,0,,,
6993939,,Street Litter,None,1071,,,2867,Point Nepean Road - Bus Stop at Servo,BLAIRGOWRIE,3942,,-38.360419,144.776405,0,,,,,,,0,0,0,,,
6993941,,Street Litter,None,1072,,,29,Tara Drive - Dog Park,HASTINGS,3915,,-38.303731,145.171027,0,,,,,,,0,0,0,,,
7029211,,Street Litter,None,1650,,,2460,Frankston-Flinders Road - Bus Stop,BITTERN,3918,,-38.338934,145.176136,0,,,,,,,0,0,0,,,
7029214,,Street Litter,None,1603,,,2488,Frankston-Flinders Road - Bus Stop,BITTERN,3918,,-38.33778,145.17674,0,,,,,,,0,0,0,,,
7038749,,Street Litter,None,1075,,,700,Derril Road - Moorooduc Rec Reserve,MOOROODUC,3933,,-38.256001,145.10423,0,,,,,,,0,0,0,,,
7071883,,Street Litter,None,1073,,,10A,Jacaranda Drive - Reserve,BAXTER,3911,,-38.19361,145.157377,0,,,,,,,0,0,0,,,
7135162,,Street Litter,None,2000,,,4,David Court - Solo Depot,ROSEBUD,3939,,-38.381156,144.884427,0,,,,,,,0,0,0,,,
7443591,,Street Litter,None,1079,,,6-10,Ranelagh Drive - Playground & Dog Park,MOUNT ELIZA,3930,,-38.185661,145.088329,0,,,,,,,0,0,0,,,
7698979,,Street Litter,None,,,,,Point Nepean Road - Carpark opp 661,MCCRAE,3938,,-38.347862,144.92941,0,,,,,,,0,0,0,,,
7698983,,Street Litter,None,,,,,Point Nepean Road - Carpark opp Penny Lane,MCCRAE,3938,,-38.346011,144.933465,0,,,,,,,0,0,0,,,
7705327,,Street Litter,None,1150,,,54,Main Street - YOMG,MORNINGTON,3931,,-38.21817,145.03771,0,,,,,,,0,0,0,,240 - NORTH WED,
7706075,,Street Litter,None,1091,,,,Opp Deadwood Point Nepean Road - Carpark,DROMANA,3936,,-38.335606,144.958539,0,,,,,,,0,0,0,,,
7706079,,Street Litter,None,1092,,,Opp. 273,Point Nepean Road - BBQ Area opp ODonohue St,DROMANA,3936,,-38.333331,144.96333,0,,,,,,,0,0,0,,,
7776662,,Street Litter,None,,,,39,OLIVIA WAY,HASTINGS,3915,,-38.310778,145.173613,0,,,,,,,0,0,0,,,
8029256,,Street Litter,None,,,PODS,1,BEACH STREET,DROMANA,3936,,-38.332656,144.966807,0,,,,,,,0,0,0,,,
8029257,,Street Litter,None,,,PODS,,SALMON STREET,HASTINGS,3915,,-38.308278,145.194016,0,,,,,,,0,0,0,,,
8029258,,Street Litter,None,,,PODS,,WANNAEUE PLACE,ROSEBUD,3939,,-38.357328,144.905165,0,,,,,,,0,0,0,,,
8029259,,Street Litter,None,,,PODS,,WANNAEUE PLACE,ROSEBUD,3939,,-38.357277,144.905133,0,,,,,,,0,0,0,,,
8029260,,Street Litter,None,,,PODS,,KERFERD AVENUE,SORRENTO,3943,,-38.340337,144.740023,0,,,,,,,0,0,0,,,
8029261,,Street Litter,None,,,PODS,,EDWARD STREET,SOMERVILLE,3912,,-38.224524,145.173106,0,,,,,,,0,0,0,,,
8029263,,Street Litter,None,,,PODS,,RANGER CARPARK POINT NEPEAN ROAD,RYE,3941,,-38.370517,144.824869,0,,,,,,,0,0,0,,,
8029264,,Street Litter,None,,,PODS,,VANCOUVER STREET (UNDERGROUND CARPARK SHIRE),MORNINGTON,3931,,-38.217348,145.035996,0,,,,,,,0,0,0,,,
8142319,,Street Litter,None,,,,RESERVE,OLIVIA WAY,HASTINGS,3915,,-38.31035007,145.17353,0,,,,,,,0,0,0,,,
8711971,,Street Litter,None,,,3,21,Worwong Avenue - Preschool,SOMERVILLE,3912,,-38.231549,145.170042,0,,,,,,,0,0,0,,,
9108087,,Street Litter,None,999,,,80,Community Hub Besgrove Street,ROSEBUD,3939,,-38.371011,144.893946,0,,,,,,,0,0,0,,,
9631879,,Street Litter,None,1,,,143,Point Nepean Road - Electoral Office,DROMANA,3936,,-38.331662,144.968516,0,,,,,,,0,0,0,,,
10168632,,Street Litter,None,1093,,,,Sorrento Tennis Club 868 Melbourne Road,SORRENTO,3943,,-38.337729,144.736041,0,Street Litter=,,,,,,0,0,0,,"242 - SOUTH MON,242 - SOUTH SUN",
10168742,,Street Litter,None,2003,,,,Tanti Creek Carpark Esplanade,MORNINGTON,3931,,-38.213373,145.042183,0,,,,,,,0,0,0,,,
10168744,,Street Litter,None,1094,,,,L S Car Park Opposite Rescue Squad Esplanade,MORNINGTON,3931,,-38.215588,145.036377,0,,,,,,,0,0,0,,240 - NORTH WED,
10168745,1095,Street Litter,None,1095,,,,R/S Car Park Opposite Rescue Squad Esplanade,MORNINGTON,3931,,-38.215398,145.037231,0,,,,,,,0,0,0,,240 - NORTH WED,
10168747,Car Park  opposite,Street Litter,None,1097,,,802,Esplanade,MORNINGTON,3931,,-38.21479,145.039262,0,,,,,,,0,0,0,,,
10168748,,Street Litter,None,1098,,,,Mills Beach Carpark Esplanade,MORNINGTON,3931,,-38.213777,145.043423,0,,,,,,,0,0,0,,,
10168750,,Street Litter,None,1099,,,,Car Park Opp Bath Street,MORNINGTON,3931,,-38.213875,145.045019,0,,,,,,,0,0,0,,,
10168751,,Street Litter,None,2001,,,,Mills Beach Lookout Esplanade,MORNINGTON,3931,,-38.212865,145.047513,0,,,,,,,0,0,0,,,
10168752,,Street Litter,None,2002,,,,Walking Path Opp 841 Esplanade,MORNINGTON,3931,,-38.21237,145.049103,0,,,,,,,0,0,0,,,
10300711,,Street Litter,None,80,,,21,ELIZA STREET,ROSEBUD,3939,,-38.372429,144.869733,0,,,,,,,0,0,0,,,
10300971,,Street Litter,None,2004,,,48,Kerferd Avenue - Portable Pod,SORRENTO,3943,,-38.340225,144.740313,0,,,,,,,0,0,0,,,
10300976,,Street Litter,None,2005,,,,McDowell Street Library Car Park - Portable Pod,ROSEBUD,3939,,-38.357714,144.905243,0,,,,,,,0,0,0,,,
10300979,,Street Litter,None,2006,,,1,Beach Street - Portable Pod,DROMANA,3936,,-38.332295,144.967218,0,,,,,,,0,0,0,,,
10300983,,Street Litter,None,2007,,,156,Salmon Street - Portable Pod,HASTINGS,3915,,-38.308296,145.194126,0,,,,,,,0,0,0,,,
10300987,,Street Litter,None,2008,,,21,Eramosa Road East - Portable Pod,SOMERVILLE,3912,,-38.224254,145.17744,0,,,,,,,0,0,0,,,
10301062,,Street Litter,None,2009,,,,Point Nepean Road - Portable Pod,RYE,3941,,-38.370451,144.824909,0,,,,,,,0,0,0,,,
10301783,,Street Litter,None,2010,,,,Toilet Block Opp Carrigg Street Point Nepean Road,DROMANA,3936,,-38.330449,144.968817,0,,,,,,,0,0,0,,,
10309801,,Street Litter,None,2011,,,,BBQ area Opp Visitor Centre Nepean Highway,DROMANA,3936,,-38.336966,144.955304,0,,,,,,,0,0,0,,,
10309813,,Street Litter,None,2012,,,,Next to toilet block Point Nepean Road,DROMANA,3936,,-38.33564,144.958365,0,,,,,,,0,0,0,,,
10309851,,Street Litter,None,2013,,,,Mothers Beach down HILL,MORNINGTON,3931,,-38.21512,145.036861,0,,,,,,,0,0,0,,240 - NORTH WED,
10330610,,Street Litter,None,2015,,,,Narambi Reserve Hardy Street (Next to Temp Pavillion),MORNINGTON,3931,,-38.226891,145.059067,0,,,,,,,0,0,0,,,
10333566,,Street Litter,None,2016,,,,Mornington Soccer Club and Aths,MORNINGTON,3931,,-38.237968,145.054225,0,,,,,,,0,0,0,,,
10333634,,Street Litter,None,2017,,,,Opp 125 Marine Drive,SAFETY BEACH,3936,,-38.314865,144.990275,0,,,,,,,0,0,0,,,
10335098,,Street Litter,None,2018,,,917,Cnr Jetty Road and Point Nepean Road,ROSEBUD,3939,,-38.35461,144.909444,0,,,,,,,0,0,0,,,
10336489,,Street Litter,None,2019,,,,Flinders Tennis Club 26 Barker Street,FLINDERS,3929,,-38.471999,145.016172,0,,,,,,,0,0,0,,,
10454646,,Street Litter,None,2021,,,,Esplanade at Pedestrian Lights,MOUNT MARTHA,3934,,-38.266563,145.013667,0,,,,,,,0,0,0,,,
10580910,,Street Litter,None,2022,,,,Start of Pen Link Trail Cnr Eramosa Road & Moorooduc Road,MOOROODUC,3933,,-38.213681,145.109791,0,,,,,,,0,0,0,,,
10599494,,Street Litter,None,2023,,,,Opp 591 Point Nepean Road,MCCRAE,3938,,-38.344836,144.935942,0,,,,,,,0,0,0,,,
10600216,,Street Litter,None,2025,,,,Opp Coburn Avenue near Rotunda,MCCRAE,3938,,-38.346769,144.931558,0,,,,,,,0,0,0,,,
10600217,,Street Litter,None,2026,,,,Opp Penny Lane,MCCRAE,3938,,-38.345677,144.934029,0,,,,,,,0,0,0,,,
10609815,,Street Litter,None,2027,,,,Dromana NEW Netball Court,DROMANA,3936,,-38.334157,144.967579,0,,,,,,,0,0,0,,,
10673635,,Street Litter,None,2029,,,,Wannaeue Place - Norm Clark Walk,ROSEBUD,3939,,-38.356418,144.904613,0,,,,,,,0,0,0,,,
10678537,,Street Litter,None,2028,,,,Toilet Block Nelson Street,RYE,3939,,-38.371555,144.821564,0,,,,,,,0,0,0,,,
11001523,,Street Litter,None,2030,,,,Hillview Reserve New Playground,DROMANA,3936,,-38.34527,144.981759,0,,,,,,,0,0,0,,,
11002781,,Street Litter,None,2031,,,88,Helena Street - Citation Reserve Dog park,MOUNT MARTHA,3934,,-38.260994,145.033104,0,,,,,,,0,0,0,,,
11087765,,Street Litter,None,2032,,,,Aldi Hastings Windsor Lane,HASTINGS,3915,,-38.308644,145.188699,0,,,,,,,0,0,0,,,
11114265,,Street Litter,None,2033,,,,Hillview Reserve New Carpark,DROMANA,3936,,-38.345806,144.982358,0,,,,,,,0,0,0,,,
11281138,,Street Litter,None,2034,,,,Boardwalk Pathway Point Nepean Road,RYE,3941,,-38.37011,144.825141,0,,,,,,,0,0,0,,,
11606990,,Street Litter,None,2035,,,,Bus Stop opp THE HIVE,RYE,3941,,-38.370949,144.828376,0,,,,,,,0,0,0,,,
11630107,,Street Litter,None,2036,,,30,Portsmouth Road,BITTERN,3918,,-38.339552,145.171842,0,,,,,,,0,0,0,,,
11631042,,Street Litter,None,2037,,,,Rosebud Tennis Club Hove Road,ROSEBUD,3939,,-38.369153,144.920763,0,,,,,,,0,0,0,,,
11632748,,Street Litter,None,2038,,,,Penton Park 264 Jones Road,SOMERVILLE,3912,,-38.231842,145.17367,0,,,,,,,0,0,0,,,
11647752,,Street Litter,None,2039,,,134,Mount Eliza Way - Bus Stop,MOUNT ELIZA,3930,,-38.186832,145.089477,0,,,,,,,0,0,0,,,
11647753,2040,Street Litter,None,2040,,,139,Mount Eliza Way - Bus Stop,MOUNT ELIZA,3930,,-38.187787,145.089805,0,,,,,,,0,0,0,,,
11647947,,Street Litter,None,2041,,,,Sorrento Netball Club,SORRENTO,3943,,-38.335796,144.734794,0,,,,,,,0,0,0,,,
11879488,,Street Litter,None,2042,,,,Boneo Baseball Club,ROSEBUD,3439,,-38.370284,144.896106,0,,,,,,,0,0,0,,,
11879500,,Street Litter,None,2043,,,,Truemans Road Dog Park,TOOTGAROOK,3941,,-38.37779,144.858935,0,,,,,,,0,0,0,,,
12024642,,Street Litter,None,2044,,,Cellarbrations,1 Balnarring Rd,BALNARRING,3926,,-38.373268,145.126154,0,,,,,,,0,0,0,,,
12024653,,Street Litter,None,2045,,,Goolgowie Reserve Dog Playground,20 Yambill Ave,ROSEBUD,3939,,-38.383417,144.928881,0,,,,,,,0,0,0,,,